SysTime,GameTime,Condition,HeadPosX,HeadPosY,HeadPosZ,HeadRotX,HeadRotY,HeadRotZ,EyeGazeOriginX,EyeGazeOriginY,EyeGazeOriginZ,EyeGazeDirX,EyeGazeDirY,EyeGazeDirZ,LeftPupilDiameter,RightPupilDiameter
18:41:55.896,16.77596,Practice Left,0.3056209,-0.05348545,-0.03955726,0,257.883,0,0,0,0,0,0,0,0,0
18:41:55.906,16.78702,Practice Left,0.3056209,-0.05348545,-0.03955726,0,257.883,0,0,0,0,0,0,0,0,0
18:41:55.917,16.79839,Practice Left,0.3056209,-0.05348545,-0.03955726,0,257.883,0,0,0,0,0,0,0,0,0
18:41:55.929,16.80926,Practice Left,0.3056209,-0.05348545,-0.03955726,0,257.883,0,0,0,0,0,0,0,0,0
18:41:55.939,16.82037,Practice Left,0.3056209,-0.05348545,-0.03955726,0,257.883,0,0,0,0,0,0,0,0,0
18:41:55.950,16.83127,Practice Left,0.3056209,-0.05348545,-0.03955726,0,257.883,0,0,0,0,0,0,0,0,0
18:41:55.962,16.84262,Practice Left,0.3056209,-0.05348545,-0.03955726,0,257.883,0,0,0,0,0,0,0,0,0
18:41:55.973,16.85368,Practice Left,0.3056209,-0.05348545,-0.03955726,0,257.883,0,0,0,0,0,0,0,0,0
18:41:55.984,16.86463,Practice Left,0.3056209,-0.05348545,-0.03955726,0,257.883,0,0,0,0,0,0,0,0,0
18:41:55.995,16.87582,Practice Left,0.3056209,-0.05348545,-0.03955726,0,257.883,0,0,0,0,0,0,0,0,0
18:41:56.007,16.88722,Practice Left,0.3056209,-0.05348545,-0.03955726,0,257.883,0,0,0,0,0,0,0,0,0
18:41:56.017,16.89827,Practice Left,0.3056209,-0.05348545,-0.03955726,0,257.883,0,0,0,0,0,0,0,0,0
18:41:56.028,16.90899,Practice Left,0.3056209,-0.05348545,-0.03955726,0,257.883,0,0,0,0,0,0,0,0,0
18:41:56.039,16.92002,Practice Left,0.3056209,-0.05348545,-0.03955726,0,257.883,0,0,0,0,0,0,0,0,0
18:41:56.050,16.93142,Practice Left,0.3056209,-0.05348545,-0.03955726,0,257.883,0,0,0,0,0,0,0,0,0
18:41:56.062,16.94243,Practice Left,0.3056209,-0.05348545,-0.03955726,0,257.883,0,0,0,0,0,0,0,0,0
18:41:56.073,16.95359,Practice Left,0.3056209,-0.05348545,-0.03955726,0,257.883,0,0,0,0,0,0,0,0,0
18:41:56.084,16.96461,Practice Left,0.3056209,-0.05348545,-0.03955726,0,257.883,0,0,0,0,0,0,0,0,0
18:41:56.094,16.97577,Practice Left,0.3056209,-0.05348545,-0.03955726,0,257.883,0,0,0,0,0,0,0,0,0
18:41:56.106,16.98685,Practice Left,0.3056209,-0.05348545,-0.03955726,0,257.883,0,0,0,0,0,0,0,0,0
18:41:56.117,16.9978,Practice Left,0.3056209,-0.05348545,-0.03955726,0,257.883,0,0,0,0,0,0,0,0,0
18:41:56.128,17.0092,Practice Left,0.3056209,-0.05348545,-0.03955726,0,257.883,0,0,0,0,0,0,0,0,0
18:41:56.139,17.01995,Practice Left,0.3056209,-0.05348545,-0.03955726,0,257.883,0,0,0,0,0,0,0,0,0
18:41:56.151,17.03111,Practice Left,0.3056209,-0.05348545,-0.03955726,0,257.883,0,0,0,0,0,0,0,0,0
18:41:56.162,17.04239,Practice Left,0.3056209,-0.05348545,-0.03955726,0,257.883,0,0,0,0,0,0,0,0,0
18:41:56.172,17.05338,Practice Left,0.3056209,-0.05348545,-0.03955726,0,257.883,0,0,0,0,0,0,0,0,0
18:41:56.184,17.06454,Practice Left,0.3056209,-0.05348545,-0.03955726,0,257.883,0,0,0,0,0,0,0,0,0
18:41:56.194,17.07559,Practice Left,0.3056209,-0.05348545,-0.03955726,0,257.883,0,0,0,0,0,0,0,0,0
18:41:56.206,17.08681,Practice Left,0.3056209,-0.05348545,-0.03955726,0,257.883,0,0,0,0,0,0,0,0,0
18:41:56.217,17.09806,Practice Left,0.3056209,-0.05348545,-0.03955726,0,257.883,0,0,0,0,0,0,0,0,0
18:41:56.228,17.10911,Practice Left,0.3056209,-0.05348545,-0.03955726,0,257.883,0,0,0,0,0,0,0,0,0
18:41:56.239,17.1202,Practice Left,0.3056209,-0.05348545,-0.03955726,0,257.883,0,0,0,0,0,0,0,0,0
18:41:56.251,17.13203,Practice Left,0.3056209,-0.05348545,-0.03955726,0,257.883,0,0,0,0,0,0,0,0,0
18:41:56.262,17.1424,Practice Left,0.3056209,-0.05348545,-0.03955726,0,257.883,0,0,0,0,0,0,0,0,0
18:41:56.273,17.15356,Practice Left,0.3056209,-0.05348545,-0.03955726,0,257.883,0,0,0,0,0,0,0,0,0
18:41:56.284,17.16457,Practice Left,0.3056209,-0.05348545,-0.03955726,0,257.883,0,0,0,0,0,0,0,0,0
18:41:56.295,17.176,Practice Left,0.3056209,-0.05348545,-0.03955726,0,257.883,0,0,0,0,0,0,0,0,0
18:41:56.306,17.18679,Practice Left,0.3056209,-0.05348545,-0.03955726,0,257.883,0,0,0,0,0,0,0,0,0
18:41:56.317,17.19789,Practice Left,0.3056209,-0.05348545,-0.03955726,0,257.883,0,0,0,0,0,0,0,0,0
18:41:56.328,17.20909,Practice Left,0.3056209,-0.05348545,-0.03955726,0,257.883,0,0,0,0,0,0,0,0,0
18:41:56.339,17.22053,Practice Left,0.3056209,-0.05348545,-0.03955726,0,257.883,0,0,0,0,0,0,0,0,0
18:41:56.350,17.23127,Practice Left,0.3056209,-0.05348545,-0.03955726,0,257.883,0,0,0,0,0,0,0,0,0
18:41:56.362,17.24291,Practice Left,0.3056209,-0.05348545,-0.03955726,0,257.883,0,0,0,0,0,0,0,0,0
18:41:56.372,17.25341,Practice Left,0.3056209,-0.05348545,-0.03955726,0,257.883,0,0,0,0,0,0,0,0,0
18:41:56.384,17.26474,Practice Left,0.3056209,-0.05348545,-0.03955726,0,257.883,0,0,0,0,0,0,0,0,0
18:41:56.395,17.27579,Practice Left,0.3056209,-0.05348545,-0.03955726,0,257.883,0,0,0,0,0,0,0,0,0
18:41:56.406,17.28687,Practice Left,0.3056209,-0.05348545,-0.03955726,0,257.883,0,0,0,0,0,0,0,0,0
18:41:56.417,17.29788,Practice Left,0.3056209,-0.05348545,-0.03955726,0,257.883,0,0,0,0,0,0,0,0,0
18:41:56.428,17.30896,Practice Left,0.3056209,-0.05348545,-0.03955726,0,257.883,0,0,0,0,0,0,0,0,0
18:41:56.439,17.3201,Practice Left,0.3056209,-0.05348545,-0.03955726,0,257.883,0,0,0,0,0,0,0,0,0
18:41:56.450,17.33114,Practice Left,0.3056209,-0.05348545,-0.03955726,0,257.883,0,0,0,0,0,0,0,0,0
18:41:56.462,17.3424,Practice Left,0.3056209,-0.05348545,-0.03955726,0,257.883,0,0,0,0,0,0,0,0,0
18:41:56.472,17.35361,Practice Left,0.3056209,-0.05348545,-0.03955726,0,257.883,0,0,0,0,0,0,0,0,0
18:41:56.484,17.36462,Practice Left,0.3056209,-0.05348545,-0.03955726,0,257.883,0,0,0,0,0,0,0,0,0
18:41:56.495,17.37567,Practice Left,0.3056209,-0.05348545,-0.03955726,0,257.883,0,0,0,0,0,0,0,0,0
18:41:56.506,17.38671,Practice Left,0.3056209,-0.05348545,-0.03955726,0,257.883,0,0,0,0,0,0,0,0,0
18:41:56.517,17.3983,Practice Left,0.3056209,-0.05348545,-0.03955726,0,257.883,0,0,0,0,0,0,0,0,0
18:41:56.528,17.40885,Practice Left,0.3056209,-0.05348545,-0.03955726,0,257.883,0,0,0,0,0,0,0,0,0
18:41:56.539,17.42015,Practice Left,0.3056209,-0.05348545,-0.03955726,0,257.883,0,0,0,0,0,0,0,0,0
18:41:56.550,17.43124,Practice Left,0.3056209,-0.05348545,-0.03955726,0,257.883,0,0,0,0,0,0,0,0,0
18:41:56.561,17.4425,Practice Left,0.3056209,-0.05348545,-0.03955726,0,257.883,0,0,0,0,0,0,0,0,0
18:41:56.572,17.45333,Practice Left,0.3056209,-0.05348545,-0.03955726,0,257.883,0,0,0,0,0,0,0,0,0
18:41:56.584,17.46468,Practice Left,0.3056209,-0.05348545,-0.03955726,0,257.883,0,0,0,0,0,0,0,0,0
18:41:56.595,17.47586,Practice Left,0.3056209,-0.05348545,-0.03955726,0,257.883,0,0,0,0,0,0,0,0,0
18:41:56.607,17.48748,Practice Left,0.3056209,-0.05348545,-0.03955726,0,257.883,0,0,0,0,0,0,0,0,0
18:41:56.617,17.49797,Practice Left,0.3056209,-0.05348545,-0.03955726,0,257.883,0,0,0,0,0,0,0,0,0
18:41:56.629,17.50913,Practice Left,0.3056209,-0.05348545,-0.03955726,0,257.883,0,0,0,0,0,0,0,0,0
18:41:56.639,17.52005,Practice Left,0.3056209,-0.05348545,-0.03955726,0,257.883,0,0,0,0,0,0,0,0,0
18:41:56.650,17.53111,Practice Left,0.3056209,-0.05348545,-0.03955726,0,257.883,0,0,0,0,0,0,0,0,0
18:41:56.662,17.54259,Practice Left,0.3056209,-0.05348545,-0.03955726,0,257.883,0,0,0,0,0,0,0,0,0
18:41:56.672,17.55352,Practice Left,0.3056209,-0.05348545,-0.03955726,0,257.883,0,0,0,0,0,0,0,0,0
18:41:56.684,17.56471,Practice Left,0.3056209,-0.05348545,-0.03955726,0,257.883,0,0,0,0,0,0,0,0,0
18:41:56.695,17.57556,Practice Left,0.3056209,-0.05348545,-0.03955726,0,257.883,0,0,0,0,0,0,0,0,0
18:41:56.707,17.58697,Practice Left,0.3056209,-0.05348545,-0.03955726,0,257.883,0,0,0,0,0,0,0,0,0
18:41:56.717,17.59787,Practice Left,0.3056209,-0.05348545,-0.03955726,0,257.883,0,0,0,0,0,0,0,0,0
18:41:56.728,17.609,Practice Left,0.3056209,-0.05348545,-0.03955726,0,257.883,0,0,0,0,0,0,0,0,0
18:41:56.739,17.62015,Practice Left,0.3056209,-0.05348545,-0.03955726,0,257.883,0,0,0,0,0,0,0,0,0
18:41:56.750,17.63112,Practice Left,0.3056209,-0.05348545,-0.03955726,0,257.883,0,0,0,0,0,0,0,0,0
18:41:56.762,17.64242,Practice Left,0.3056209,-0.05348545,-0.03955726,0,257.883,0,0,0,0,0,0,0,0,0
18:41:56.773,17.65339,Practice Left,0.3056209,-0.05348545,-0.03955726,0,257.883,0,0,0,0,0,0,0,0,0
18:41:56.784,17.6645,Practice Left,0.3056209,-0.05348545,-0.03955726,0,257.883,0,0,0,0,0,0,0,0,0
18:41:56.794,17.67566,Practice Left,0.3056209,-0.05348545,-0.03955726,0,257.883,0,0,0,0,0,0,0,0,0
18:41:56.806,17.68672,Practice Left,0.3056209,-0.05348545,-0.03955726,0,257.883,0,0,0,0,0,0,0,0,0
18:41:56.817,17.69782,Practice Left,0.3056209,-0.05348545,-0.03955726,0,257.883,0,0,0,0,0,0,0,0,0
18:41:56.828,17.70897,Practice Left,0.3056209,-0.05348545,-0.03955726,0,257.883,0,0,0,0,0,0,0,0,0
18:41:56.839,17.72058,Practice Left,0.3056209,-0.05348545,-0.03955726,0,257.883,0,0,0,0,0,0,0,0,0
18:41:56.850,17.73106,Practice Left,0.3056209,-0.05348545,-0.03955726,0,257.883,0,0,0,0,0,0,0,0,0
18:41:56.862,17.74256,Practice Left,0.3056209,-0.05348545,-0.03955726,0,257.883,0,0,0,0,0,0,0,0,0
18:41:56.873,17.75363,Practice Left,0.3056209,-0.05348545,-0.03955726,0,257.883,0,0,0,0,0,0,0,0,0
18:41:56.884,17.76456,Practice Left,0.3056209,-0.05348545,-0.03955726,0,257.883,0,0,0,0,0,0,0,0,0
18:41:56.895,17.77586,Practice Left,0.3056209,-0.05348545,-0.03955726,0,257.883,0,0,0,0,0,0,0,0,0
18:41:56.906,17.78686,Practice Left,0.3056209,-0.05348545,-0.03955726,0,257.883,0,0,0,0,0,0,0,0,0
18:41:56.917,17.79823,Practice Left,0.3056209,-0.05348545,-0.03955726,0,257.883,0,0,0,0,0,0,0,0,0
18:41:56.929,17.80906,Practice Left,0.3056209,-0.05348545,-0.03955726,0,257.883,0,0,0,0,0,0,0,0,0
18:41:56.939,17.82017,Practice Left,0.3056209,-0.05348545,-0.03955726,0,257.883,0,0,0,0,0,0,0,0,0
18:41:56.950,17.83123,Practice Left,0.3056209,-0.05348545,-0.03955726,0,257.883,0,0,0,0,0,0,0,0,0
18:41:56.962,17.84225,Practice Left,0.3056209,-0.05348545,-0.03955726,0,257.883,0,0,0,0,0,0,0,0,0
18:41:56.972,17.85338,Practice Left,0.3056209,-0.05348545,-0.03955726,0,257.883,0,0,0,0,0,0,0,0,0
18:41:56.984,17.86456,Practice Left,0.3056209,-0.05348545,-0.03955726,0,257.883,0,0,0,0,0,0,0,0,0
18:41:56.995,17.87574,Practice Left,0.3056209,-0.05348545,-0.03955726,0,257.883,0,0,0,0,0,0,0,0,0
18:41:57.006,17.88666,Practice Left,0.3056209,-0.05348545,-0.03955726,0,257.883,0,0,0,0,0,0,0,0,0
18:41:57.016,17.89782,Practice Left,0.3056209,-0.05348545,-0.03955726,0,257.883,0,0,0,0,0,0,0,0,0
18:41:57.032,17.91267,Practice Left,0.3056209,-0.05348545,-0.03955726,0,257.883,0,0,0,0,0,0,0,0,0
18:41:57.045,17.9257,Practice Left,0.3056209,-0.05348545,-0.03955726,0,257.883,0,0,0,0,0,0,0,0,0
18:41:57.057,17.93775,Practice Left,0.3056209,-0.05348545,-0.03955726,0,257.883,0,0,0,0,0,0,0,0,0
18:41:57.068,17.94918,Practice Left,0.3056209,-0.05348545,-0.03955726,0,257.883,0,0,0,0,0,0,0,0,0
18:41:57.081,17.96194,Practice Left,0.3056209,-0.05348545,-0.03955726,0,257.883,0,0,0,0,0,0,0,0,0
18:41:57.092,17.97303,Practice Left,0.3056209,-0.05348545,-0.03955726,0,257.883,0,0,0,0,0,0,0,0,0
18:41:57.102,17.98288,Practice Left,0.3056209,-0.05348545,-0.03955726,0,257.883,0,0,0,0,0,0,0,0,0
18:41:57.113,17.99403,Practice Left,0.3056209,-0.05348545,-0.03955726,0,257.883,0,0,0,0,0,0,0,0,0
18:41:57.125,18.00562,Practice Left,0.3056209,-0.05348545,-0.03955726,0,257.883,0,0,0,0,0,0,0,0,0
18:41:57.135,18.01656,Practice Left,0.3056209,-0.05348545,-0.03955726,0,257.883,0,0,0,0,0,0,0,0,0
18:41:57.147,18.02741,Practice Left,0.3056209,-0.05348545,-0.03955726,0,257.883,0,0,0,0,0,0,0,0,0
18:41:57.157,18.03857,Practice Left,0.3056209,-0.05348545,-0.03955726,0,257.883,0,0,0,0,0,0,0,0,0
18:41:57.169,18.04985,Practice Left,0.3056209,-0.05348545,-0.03955726,0,257.883,0,0,0,0,0,0,0,0,0
18:41:57.180,18.06067,Practice Left,0.3056209,-0.05348545,-0.03955726,0,257.883,0,0,0,0,0,0,0,0,0
18:41:57.190,18.0718,Practice Left,0.3056209,-0.05348545,-0.03955726,0,257.883,0,0,0,0,0,0,0,0,0
18:41:57.202,18.08288,Practice Left,0.3056209,-0.05348545,-0.03955726,0,257.883,0,0,0,0,0,0,0,0,0
18:41:57.213,18.09394,Practice Left,0.3056209,-0.05348545,-0.03955726,0,257.883,0,0,0,0,0,0,0,0,0
18:41:57.224,18.10532,Practice Left,0.3056209,-0.05348545,-0.03955726,0,257.883,0,0,0,0,0,0,0,0,0
18:41:57.235,18.11625,Practice Left,0.3056209,-0.05348545,-0.03955726,0,257.883,0,0,0,0,0,0,0,0,0
18:41:57.247,18.12753,Practice Left,0.3056209,-0.05348545,-0.03955726,0,257.883,0,0,0,0,0,0,0,0,0
18:41:57.258,18.13859,Practice Left,0.3056209,-0.05348545,-0.03955726,0,257.883,0,0,0,0,0,0,0,0,0
18:41:57.270,18.15061,Practice Left,0.3056209,-0.05348545,-0.03955726,0,257.883,0,0,0,0,0,0,0,0,0
18:41:57.283,18.16322,Practice Left,0.3056209,-0.05348545,-0.03955726,0,257.883,0,0,0,0,0,0,0,0,0
18:41:57.294,18.17565,Practice Left,0.3056209,-0.05348545,-0.03955726,0,257.883,0,0,0,0,0,0,0,0,0
18:41:57.307,18.1876,Practice Left,0.3056209,-0.05348545,-0.03955726,0,257.883,0,0,0,0,0,0,0,0,0
18:41:57.317,18.19781,Practice Left,0.3056209,-0.05348545,-0.03955726,0,257.883,0,0,0,0,0,0,0,0,0
18:41:57.328,18.20913,Practice Left,0.3056209,-0.05348545,-0.03955726,0,257.883,0,0,0,0,0,0,0,0,0
18:41:57.339,18.2203,Practice Left,0.3056209,-0.05348545,-0.03955726,0,257.883,0,0,0,0,0,0,0,0,0
18:41:57.350,18.23107,Practice Left,0.3056209,-0.05348545,-0.03955726,0,257.883,0,0,0,0,0,0,0,0,0
18:41:57.362,18.24228,Practice Left,0.3056209,-0.05348545,-0.03955726,0,257.883,0,0,0,0,0,0,0,0,0
18:41:57.373,18.25421,Practice Left,0.3056209,-0.05348545,-0.03955726,0,257.883,0,0,0,0,0,0,0,0,0
18:41:57.384,18.26443,Practice Left,0.3056209,-0.05348545,-0.03955726,0,257.883,0,0,0,0,0,0,0,0,0
18:41:57.394,18.27565,Practice Left,0.3056209,-0.05348545,-0.03955726,0,257.883,0,0,0,0,0,0,0,0,0
18:41:57.406,18.28702,Practice Left,0.3056209,-0.05348545,-0.03955726,0,257.883,0,0,0,0,0,0,0,0,0
18:41:57.417,18.29778,Practice Left,0.3056209,-0.05348545,-0.03955726,0,257.883,0,0,0,0,0,0,0,0,0
18:41:57.430,18.31072,Practice Left,0.3056209,-0.05348545,-0.03955726,0,257.883,0,0,0,0,0,0,0,0,0
18:41:57.442,18.32333,Practice Left,0.3056209,-0.05348545,-0.03955726,0,257.883,0,0,0,0,0,0,0,0,0
18:41:57.453,18.33453,Practice Left,0.3056209,-0.05348545,-0.03955726,0,257.883,0,0,0,0,0,0,0,0,0
18:41:57.465,18.34581,Practice Left,0.3056209,-0.05348545,-0.03955726,0,257.883,0,0,0,0,0,0,0,0,0
18:41:57.476,18.35728,Practice Left,0.3056209,-0.05348545,-0.03955726,0,257.883,0,0,0,0,0,0,0,0,0
18:41:57.488,18.36884,Practice Left,0.3056209,-0.05348545,-0.03955726,0,257.883,0,0,0,0,0,0,0,0,0
18:41:57.499,18.37974,Practice Left,0.3056209,-0.05348545,-0.03955726,0,257.883,0,0,0,0,0,0,0,0,0
18:41:57.510,18.39065,Practice Left,0.3056209,-0.05348545,-0.03955726,0,257.883,0,0,0,0,0,0,0,0,0
18:41:57.522,18.40295,Practice Left,0.3056209,-0.05348545,-0.03955726,0,257.883,0,0,0,0,0,0,0,0,0
18:41:57.534,18.41513,Practice Left,0.3056209,-0.05348545,-0.03955726,0,257.883,0,0,0,0,0,0,0,0,0
18:41:57.546,18.42651,Practice Left,0.3056209,-0.05348545,-0.03955726,0,257.883,0,0,0,0,0,0,0,0,0
18:41:57.556,18.43744,Practice Left,0.3056209,-0.05348545,-0.03955726,0,257.883,0,0,0,0,0,0,0,0,0
18:41:57.569,18.44904,Practice Left,0.3056209,-0.05348545,-0.03955726,0,257.883,0,0,0,0,0,0,0,0,0
18:41:57.580,18.46074,Practice Left,0.3056209,-0.05348545,-0.03955726,0,257.883,0,0,0,0,0,0,0,0,0
18:41:57.591,18.47165,Practice Left,0.3056209,-0.05348545,-0.03955726,0,257.883,0,0,0,0,0,0,0,0,0
18:41:57.601,18.48212,Practice Left,0.3056209,-0.05348545,-0.03955726,0,257.883,0,0,0,0,0,0,0,0,0
18:41:57.613,18.49395,Practice Left,0.3056209,-0.05348545,-0.03955726,0,257.883,0,0,0,0,0,0,0,0,0
18:41:57.625,18.5054,Practice Left,0.3056209,-0.05348545,-0.03955726,0,257.883,0,0,0,0,0,0,0,0,0
18:41:57.636,18.51778,Practice Left,0.3056209,-0.05348545,-0.03955726,0,257.883,0,0,0,0,0,0,0,0,0
18:41:57.646,18.52771,Practice Left,0.3056209,-0.05348545,-0.03955726,0,257.883,0,0,0,0,0,0,0,0,0
18:41:57.657,18.53798,Practice Left,0.3056209,-0.05348545,-0.03955726,0,257.883,0,0,0,0,0,0,0,0,0
18:41:57.669,18.55014,Practice Left,0.3056209,-0.05348545,-0.03955726,0,257.883,0,0,0,0,0,0,0,0,0
18:41:57.681,18.56171,Practice Left,0.3056209,-0.05348545,-0.03955726,0,257.883,0,0,0,0,0,0,0,0,0
18:41:57.693,18.57386,Practice Left,0.3056209,-0.05348545,-0.03955726,0,257.883,0,0,0,0,0,0,0,0,0
18:41:57.703,18.58357,Practice Left,0.3056209,-0.05348545,-0.03955726,0,257.883,0,0,0,0,0,0,0,0,0
18:41:57.714,18.59473,Practice Left,0.3056209,-0.05348545,-0.03955726,0,257.883,0,0,0,0,0,0,0,0,0
18:41:57.725,18.6059,Practice Left,0.3056209,-0.05348545,-0.03955726,0,257.883,0,0,0,0,0,0,0,0,0
18:41:57.737,18.61753,Practice Left,0.3056209,-0.05348545,-0.03955726,0,257.883,0,0,0,0,0,0,0,0,0
18:41:57.748,18.62846,Practice Left,0.3056209,-0.05348545,-0.03955726,0,257.883,0,0,0,0,0,0,0,0,0
18:41:57.759,18.63997,Practice Left,0.3056209,-0.05348545,-0.03955726,0,257.883,0,0,0,0,0,0,0,0,0
18:41:57.769,18.65018,Practice Left,0.3056209,-0.05348545,-0.03955726,0,257.883,0,0,0,0,0,0,0,0,0
18:41:57.781,18.66179,Practice Left,0.3056209,-0.05348545,-0.03955726,0,257.883,0,0,0,0,0,0,0,0,0
18:41:57.792,18.67317,Practice Left,0.3056209,-0.05348545,-0.03955726,0,257.883,0,0,0,0,0,0,0,0,0
18:41:57.803,18.68405,Practice Left,0.3056209,-0.05348545,-0.03955726,0,257.883,0,0,0,0,0,0,0,0,0
18:41:57.814,18.69514,Practice Left,0.3056209,-0.05348545,-0.03955726,0,257.883,0,0,0,0,0,0,0,0,0
18:41:57.826,18.7062,Practice Left,0.3056209,-0.05348545,-0.03955726,0,257.883,0,0,0,0,0,0,0,0,0
18:41:57.836,18.71724,Practice Left,0.3056209,-0.05348545,-0.03955726,0,257.883,0,0,0,0,0,0,0,0,0
18:41:57.849,18.72915,Practice Left,0.3056209,-0.05348545,-0.03955726,0,257.883,0,0,0,0,0,0,0,0,0
18:41:57.858,18.73941,Practice Left,0.3056209,-0.05348545,-0.03955726,0,257.883,0,0,0,0,0,0,0,0,0
18:41:57.870,18.75072,Practice Left,0.3056209,-0.05348545,-0.03955726,0,257.883,0,0,0,0,0,0,0,0,0
18:41:57.881,18.76181,Practice Left,0.3056209,-0.05348545,-0.03955726,0,257.883,0,0,0,0,0,0,0,0,0
18:41:57.892,18.77277,Practice Left,0.3056209,-0.05348545,-0.03955726,0,257.883,0,0,0,0,0,0,0,0,0
18:41:57.904,18.78465,Practice Left,0.3056209,-0.05348545,-0.03955726,0,257.883,0,0,0,0,0,0,0,0,0
18:41:57.916,18.79623,Practice Left,0.3056209,-0.05348545,-0.03955726,0,257.883,0,0,0,0,0,0,0,0,0
18:41:57.927,18.80717,Practice Left,0.3056209,-0.05348545,-0.03955726,0,257.883,0,0,0,0,0,0,0,0,0
18:41:57.937,18.81806,Practice Left,0.3056209,-0.05348545,-0.03955726,0,257.883,0,0,0,0,0,0,0,0,0
18:41:57.949,18.8292,Practice Left,0.3056209,-0.05348545,-0.03955726,0,257.883,0,0,0,0,0,0,0,0,0
18:41:57.960,18.84116,Practice Left,0.3056209,-0.05348545,-0.03955726,0,257.883,0,0,0,0,0,0,0,0,0
18:41:57.971,18.85174,Practice Left,0.3056209,-0.05348545,-0.03955726,0,257.883,0,0,0,0,0,0,0,0,0
18:41:57.982,18.8629,Practice Left,0.3056209,-0.05348545,-0.03955726,0,257.883,0,0,0,0,0,0,0,0,0
18:41:57.993,18.8739,Practice Left,0.3056209,-0.05348545,-0.03955726,0,257.883,0,0,0,0,0,0,0,0,0
18:41:58.005,18.88498,Practice Left,0.3056209,-0.05348545,-0.03955726,0,257.883,0,0,0,0,0,0,0,0,0
18:41:58.015,18.89574,Practice Left,0.3056209,-0.05348545,-0.03955726,0,257.883,0,0,0,0,0,0,0,0,0
18:41:58.027,18.90718,Practice Left,0.3056209,-0.05348545,-0.03955726,0,257.883,0,0,0,0,0,0,0,0,0
18:41:58.037,18.91815,Practice Left,0.3056209,-0.05348545,-0.03955726,0,257.883,0,0,0,0,0,0,0,0,0
18:41:58.048,18.92905,Practice Left,0.3056209,-0.05348545,-0.03955726,0,257.883,0,0,0,0,0,0,0,0,0
18:41:58.059,18.94004,Practice Left,0.3056209,-0.05348545,-0.03955726,0,257.883,0,0,0,0,0,0,0,0,0
18:41:58.070,18.95108,Practice Left,0.3056209,-0.05348545,-0.03955726,0,257.883,0,0,0,0,0,0,0,0,0
18:41:58.082,18.96299,Practice Left,0.3056209,-0.05348545,-0.03955726,0,257.883,0,0,0,0,0,0,0,0,0
18:41:58.092,18.97323,Practice Left,0.3056209,-0.05348545,-0.03955726,0,257.883,0,0,0,0,0,0,0,0,0
18:41:58.104,18.98431,Practice Left,0.3056209,-0.05348545,-0.03955726,0,257.883,0,0,0,0,0,0,0,0,0
18:41:58.114,18.9953,Practice Left,0.3056209,-0.05348545,-0.03955726,0,257.883,0,0,0,0,0,0,0,0,0
18:41:58.126,19.00648,Practice Left,0.3056209,-0.05348545,-0.03955726,0,257.883,0,0,0,0,0,0,0,0,0
18:41:58.136,19.01742,Practice Left,0.3056209,-0.05348545,-0.03955726,0,257.883,0,0,0,0,0,0,0,0,0
18:41:58.148,19.02869,Practice Left,0.3056209,-0.05348545,-0.03955726,0,257.883,0,0,0,0,0,0,0,0,0
18:41:58.159,19.04,Practice Left,0.3056209,-0.05348545,-0.03955726,0,257.883,0,0,0,0,0,0,0,0,0
18:41:58.170,19.05107,Practice Left,0.3056209,-0.05348545,-0.03955726,0,257.883,0,0,0,0,0,0,0,0,0
18:41:58.182,19.06228,Practice Left,0.3056209,-0.05348545,-0.03955726,0,257.883,0,0,0,0,0,0,0,0,0
18:41:58.193,19.07367,Practice Left,0.3056209,-0.05348545,-0.03955726,0,257.883,0,0,0,0,0,0,0,0,0
18:41:58.203,19.08413,Practice Left,0.3056209,-0.05348545,-0.03955726,0,257.883,0,0,0,0,0,0,0,0,0
18:41:58.214,19.09518,Practice Left,0.3056209,-0.05348545,-0.03955726,0,257.883,0,0,0,0,0,0,0,0,0
18:41:58.226,19.10649,Practice Left,0.3056209,-0.05348545,-0.03955726,0,257.883,0,0,0,0,0,0,0,0,0
18:41:58.236,19.11738,Practice Left,0.3056209,-0.05348545,-0.03955726,0,257.883,0,0,0,0,0,0,0,0,0
18:41:58.248,19.1286,Practice Left,0.3056209,-0.05348545,-0.03955726,0,257.883,0,0,0,0,0,0,0,0,0
18:41:58.259,19.13966,Practice Left,0.3056209,-0.05348545,-0.03955726,0,257.883,0,0,0,0,0,0,0,0,0
18:41:58.270,19.1511,Practice Left,0.3056209,-0.05348545,-0.03955726,0,257.883,0,0,0,0,0,0,0,0,0
18:41:58.281,19.16203,Practice Left,0.3056209,-0.05348545,-0.03955726,0,257.883,0,0,0,0,0,0,0,0,0
18:41:58.292,19.17309,Practice Left,0.3056209,-0.05348545,-0.03955726,0,257.883,0,0,0,0,0,0,0,0,0
18:41:58.303,19.18413,Practice Left,0.3056209,-0.05348545,-0.03955726,0,257.883,0,0,0,0,0,0,0,0,0
18:41:58.314,19.19521,Practice Left,0.3056209,-0.05348545,-0.03955726,0,257.883,0,0,0,0,0,0,0,0,0
18:41:58.326,19.20688,Practice Left,0.3056209,-0.05348545,-0.03955726,0,257.883,0,0,0,0,0,0,0,0,0
18:41:58.337,19.21759,Practice Left,0.3056209,-0.05348545,-0.03955726,0,257.883,0,0,0,0,0,0,0,0,0
18:41:58.348,19.22857,Practice Left,0.3056209,-0.05348545,-0.03955726,0,257.883,0,0,0,0,0,0,0,0,0
18:41:58.358,19.23961,Practice Left,0.3056209,-0.05348545,-0.03955726,0,257.883,0,0,0,0,0,0,0,0,0
18:41:58.370,19.25069,Practice Left,0.3056209,-0.05348545,-0.03955726,0,257.883,0,0,0,0,0,0,0,0,0
18:41:58.382,19.26223,Practice Left,0.3056209,-0.05348545,-0.03955726,0,257.883,0,0,0,0,0,0,0,0,0
18:41:58.392,19.27331,Practice Left,0.3056209,-0.05348545,-0.03955726,0,257.883,0,0,0,0,0,0,0,0,0
18:41:58.404,19.28414,Practice Left,0.3056209,-0.05348545,-0.03955726,0,257.883,0,0,0,0,0,0,0,0,0
18:41:58.414,19.29551,Practice Left,0.3056209,-0.05348545,-0.03955726,0,257.883,0,0,0,0,0,0,0,0,0
18:41:58.426,19.30666,Practice Left,0.3056209,-0.05348545,-0.03955726,0,257.883,0,0,0,0,0,0,0,0,0
18:41:58.436,19.3174,Practice Left,0.3056209,-0.05348545,-0.03955726,0,257.883,0,0,0,0,0,0,0,0,0
18:41:58.448,19.32862,Practice Left,0.3056209,-0.05348545,-0.03955726,0,257.883,0,0,0,0,0,0,0,0,0
18:41:58.459,19.33977,Practice Left,0.3056209,-0.05348545,-0.03955726,0,257.883,0,0,0,0,0,0,0,0,0
18:41:58.471,19.35152,Practice Left,0.3056209,-0.05348545,-0.03955726,0,257.883,0,0,0,0,0,0,0,0,0
18:41:58.481,19.36191,Practice Left,0.3056209,-0.05348545,-0.03955726,0,257.883,0,0,0,0,0,0,0,0,0
18:41:58.492,19.37306,Practice Left,0.3056209,-0.05348545,-0.03955726,0,257.883,0,0,0,0,0,0,0,0,0
18:41:58.503,19.38406,Practice Left,0.3056209,-0.05348545,-0.03955726,0,257.883,0,0,0,0,0,0,0,0,0
18:41:58.514,19.39525,Practice Left,0.3056209,-0.05348545,-0.03955726,0,257.883,0,0,0,0,0,0,0,0,0
18:41:58.526,19.40639,Practice Left,0.3056209,-0.05348545,-0.03955726,0,257.883,0,0,0,0,0,0,0,0,0
18:41:58.537,19.41751,Practice Left,0.3056209,-0.05348545,-0.03955726,0,257.883,0,0,0,0,0,0,0,0,0
18:41:58.548,19.42847,Practice Left,0.3056209,-0.05348545,-0.03955726,0,257.883,0,0,0,0,0,0,0,0,0
18:41:58.559,19.4397,Practice Left,0.3056209,-0.05348545,-0.03955726,0,257.883,0,0,0,0,0,0,0,0,0
18:41:58.570,19.45082,Practice Left,0.3056209,-0.05348545,-0.03955726,0,257.883,0,0,0,0,0,0,0,0,0
18:41:58.581,19.462,Practice Left,0.3056209,-0.05348545,-0.03955726,0,257.883,0,0,0,0,0,0,0,0,0
18:41:58.592,19.47297,Practice Left,0.3056209,-0.05348545,-0.03955726,0,257.883,0,0,0,0,0,0,0,0,0
18:41:58.603,19.48402,Practice Left,0.3056209,-0.05348545,-0.03955726,0,257.883,0,0,0,0,0,0,0,0,0
18:41:58.614,19.49542,Practice Left,0.3056209,-0.05348545,-0.03955726,0,257.883,0,0,0,0,0,0,0,0,0
18:41:58.626,19.50628,Practice Left,0.3056209,-0.05348545,-0.03955726,0,257.883,0,0,0,0,0,0,0,0,0
18:41:58.636,19.51737,Practice Left,0.3056209,-0.05348545,-0.03955726,0,257.883,0,0,0,0,0,0,0,0,0
18:41:58.648,19.52856,Practice Left,0.3056209,-0.05348545,-0.03955726,0,257.883,0,0,0,0,0,0,0,0,0
18:41:58.658,19.53958,Practice Left,0.3056209,-0.05348545,-0.03955726,0,257.883,0,0,0,0,0,0,0,0,0
18:41:58.670,19.55087,Practice Left,0.3056209,-0.05348545,-0.03955726,0,257.883,0,0,0,0,0,0,0,0,0
18:41:58.681,19.56192,Practice Left,0.3056209,-0.05348545,-0.03955726,0,257.883,0,0,0,0,0,0,0,0,0
18:41:58.692,19.57301,Practice Left,0.3056209,-0.05348545,-0.03955726,0,257.883,0,0,0,0,0,0,0,0,0
18:41:58.704,19.5841,Practice Left,0.3056209,-0.05348545,-0.03955726,0,257.883,0,0,0,0,0,0,0,0,0
18:41:58.714,19.59517,Practice Left,0.3056209,-0.05348545,-0.03955726,0,257.883,0,0,0,0,0,0,0,0,0
18:41:58.726,19.60629,Practice Left,0.3056209,-0.05348545,-0.03955726,0,257.883,0,0,0,0,0,0,0,0,0
18:41:58.736,19.61749,Practice Left,0.3056209,-0.05348545,-0.03955726,0,257.883,0,0,0,0,0,0,0,0,0
18:41:58.748,19.62848,Practice Left,0.3056209,-0.05348545,-0.03955726,0,257.883,0,0,0,0,0,0,0,0,0
18:41:58.759,19.64007,Practice Left,0.3056209,-0.05348545,-0.03955726,0,257.883,0,0,0,0,0,0,0,0,0
18:41:58.769,19.65067,Practice Left,0.3056209,-0.05348545,-0.03955726,0,257.883,0,0,0,0,0,0,0,0,0
18:41:58.782,19.66212,Practice Left,0.3056209,-0.05348545,-0.03955726,0,257.883,0,0,0,0,0,0,0,0,0
18:41:58.792,19.67381,Practice Left,0.3056209,-0.05348545,-0.03955726,0,257.883,0,0,0,0,0,0,0,0,0
18:41:58.803,19.68405,Practice Left,0.3056209,-0.05348545,-0.03955726,0,257.883,0,0,0,0,0,0,0,0,0
18:41:58.814,19.69551,Practice Left,0.3056209,-0.05348545,-0.03955726,0,257.883,0,0,0,0,0,0,0,0,0
18:41:58.826,19.70623,Practice Left,0.3056209,-0.05348545,-0.03955726,0,257.883,0,0,0,0,0,0,0,0,0
18:41:58.836,19.71734,Practice Left,0.3056209,-0.05348545,-0.03955726,0,257.883,0,0,0,0,0,0,0,0,0
18:41:58.847,19.72874,Practice Left,0.3056209,-0.05348545,-0.03955726,0,257.883,0,0,0,0,0,0,0,0,0
18:41:58.859,19.73956,Practice Left,0.3056209,-0.05348545,-0.03955726,0,257.883,0,0,0,0,0,0,0,0,0
18:41:58.870,19.75066,Practice Left,0.3056209,-0.05348545,-0.03955726,0,257.883,0,0,0,0,0,0,0,0,0
18:41:58.882,19.76205,Practice Left,0.3056209,-0.05348545,-0.03955726,0,257.883,0,0,0,0,0,0,0,0,0
18:41:58.892,19.7732,Practice Left,0.3056209,-0.05348545,-0.03955726,0,257.883,0,0,0,0,0,0,0,0,0
18:41:58.903,19.78403,Practice Left,0.3056209,-0.05348545,-0.03955726,0,257.883,0,0,0,0,0,0,0,0,0
18:41:58.915,19.79568,Practice Left,0.3056209,-0.05348545,-0.03955726,0,257.883,0,0,0,0,0,0,0,0,0
18:41:58.926,19.80634,Practice Left,0.3056209,-0.05348545,-0.03955726,0,257.883,0,0,0,0,0,0,0,0,0
18:41:58.936,19.81757,Practice Left,0.3056209,-0.05348545,-0.03955726,0,257.883,0,0,0,0,0,0,0,0,0
18:41:58.948,19.82864,Practice Left,0.3056209,-0.05348545,-0.03955726,0,257.883,0,0,0,0,0,0,0,0,0
18:41:58.959,19.83976,Practice Left,0.3056209,-0.05348545,-0.03955726,0,257.883,0,0,0,0,0,0,0,0,0
18:41:58.970,19.85076,Practice Left,0.3056209,-0.05348545,-0.03955726,0,257.883,0,0,0,0,0,0,0,0,0
18:41:58.981,19.86185,Practice Left,0.3056209,-0.05348545,-0.03955726,0,257.883,0,0,0,0,0,0,0,0,0
18:41:58.992,19.87309,Practice Left,0.3056209,-0.05348545,-0.03955726,0,257.883,0,0,0,0,0,0,0,0,0
18:41:59.004,19.8843,Practice Left,0.3056209,-0.05348545,-0.03955726,0,257.883,0,0,0,0,0,0,0,0,0
18:41:59.014,19.89521,Practice Left,0.3056209,-0.05348545,-0.03955726,0,257.883,0,0,0,0,0,0,0,0,0
18:41:59.025,19.90624,Practice Left,0.3056209,-0.05348545,-0.03955726,0,257.883,0,0,0,0,0,0,0,0,0
18:41:59.036,19.91777,Practice Left,0.3056209,-0.05348545,-0.03955726,0,257.883,0,0,0,0,0,0,0,0,0
18:41:59.048,19.92858,Practice Left,0.3056209,-0.05348545,-0.03955726,0,257.883,0,0,0,0,0,0,0,0,0
18:41:59.058,19.93962,Practice Left,0.3056209,-0.05348545,-0.03955726,0,257.883,0,0,0,0,0,0,0,0,0
18:41:59.070,19.95076,Practice Left,0.3056209,-0.05348545,-0.03955726,0,257.883,0,0,0,0,0,0,0,0,0
18:41:59.081,19.9621,Practice Left,0.3056209,-0.05348545,-0.03955726,0,257.883,0,0,0,0,0,0,0,0,0
18:41:59.092,19.97332,Practice Left,0.3056209,-0.05348545,-0.03955726,0,257.883,0,0,0,0,0,0,0,0,0
18:41:59.103,19.98414,Practice Left,0.3056209,-0.05348545,-0.03955726,0,257.883,0,0,0,0,0,0,0,0,0
18:41:59.115,19.99558,Practice Left,0.3056209,-0.05348545,-0.03955726,0,257.883,0,0,0,0,0,0,0,0,0
18:41:59.127,20.00701,Practice Left,0.3056209,-0.05348545,-0.03955726,0,257.883,0,0,0,0,0,0,0,0,0
18:41:59.137,20.01741,Practice Left,0.3056209,-0.05348545,-0.03955726,0,257.883,0,0,0,0,0,0,0,0,0
18:41:59.148,20.02868,Practice Left,0.3056209,-0.05348545,-0.03955726,0,257.883,0,0,0,0,0,0,0,0,0
18:41:59.158,20.0396,Practice Left,0.3056209,-0.05348545,-0.03955726,0,257.883,0,0,0,0,0,0,0,0,0
18:41:59.170,20.05081,Practice Left,0.3056209,-0.05348545,-0.03955726,0,257.883,0,0,0,0,0,0,0,0,0
18:41:59.181,20.06197,Practice Left,0.3056209,-0.05348545,-0.03955726,0,257.883,0,0,0,0,0,0,0,0,0
18:41:59.192,20.073,Practice Left,0.3056209,-0.05348545,-0.03955726,0,257.883,0,0,0,0,0,0,0,0,0
18:41:59.203,20.08425,Practice Left,0.3056209,-0.05348545,-0.03955726,0,257.883,0,0,0,0,0,0,0,0,0
18:41:59.214,20.09562,Practice Left,0.3056209,-0.05348545,-0.03955726,0,257.883,0,0,0,0,0,0,0,0,0
18:41:59.226,20.10639,Practice Left,0.3056209,-0.05348545,-0.03955726,0,257.883,0,0,0,0,0,0,0,0,0
18:41:59.236,20.11743,Practice Left,0.3056209,-0.05348545,-0.03955726,0,257.883,0,0,0,0,0,0,0,0,0
18:41:59.248,20.12866,Practice Left,0.3056209,-0.05348545,-0.03955726,0,257.883,0,0,0,0,0,0,0,0,0
18:41:59.258,20.13963,Practice Left,0.3056209,-0.05348545,-0.03955726,0,257.883,0,0,0,0,0,0,0,0,0
18:41:59.270,20.1507,Practice Left,0.3056209,-0.05348545,-0.03955726,0,257.883,0,0,0,0,0,0,0,0,0
18:41:59.281,20.16191,Practice Left,0.3056209,-0.05348545,-0.03955726,0,257.883,0,0,0,0,0,0,0,0,0
18:41:59.292,20.17313,Practice Left,0.3056209,-0.05348545,-0.03955726,0,257.883,0,0,0,0,0,0,0,0,0
18:41:59.304,20.18408,Practice Left,0.3056209,-0.05348545,-0.03955726,0,257.883,0,0,0,0,0,0,0,0,0
18:41:59.314,20.19549,Practice Left,0.3056209,-0.05348545,-0.03955726,0,257.883,0,0,0,0,0,0,0,0,0
18:41:59.325,20.20617,Practice Left,0.3056209,-0.05348545,-0.03955726,0,257.883,0,0,0,0,0,0,0,0,0
18:41:59.336,20.21751,Practice Left,0.3056209,-0.05348545,-0.03955726,0,257.883,0,0,0,0,0,0,0,0,0
18:41:59.348,20.22853,Practice Left,0.3056209,-0.05348545,-0.03955726,0,257.883,0,0,0,0,0,0,0,0,0
18:41:59.358,20.2396,Practice Left,0.3056209,-0.05348545,-0.03955726,0,257.883,0,0,0,0,0,0,0,0,0
18:41:59.370,20.2506,Practice Left,0.3056209,-0.05348545,-0.03955726,0,257.883,0,0,0,0,0,0,0,0,0
18:41:59.382,20.262,Practice Left,0.3056209,-0.05348545,-0.03955726,0,257.883,0,0,0,0,0,0,0,0,0
18:41:59.393,20.27344,Practice Left,0.3056209,-0.05348545,-0.03955726,0,257.883,0,0,0,0,0,0,0,0,0
18:41:59.404,20.28458,Practice Left,0.3056209,-0.05348545,-0.03955726,0,257.883,0,0,0,0,0,0,0,0,0
18:41:59.414,20.2952,Practice Left,0.3056209,-0.05348545,-0.03955726,0,257.883,0,0,0,0,0,0,0,0,0
18:41:59.426,20.30639,Practice Left,0.3056209,-0.05348545,-0.03955726,0,257.883,0,0,0,0,0,0,0,0,0
18:41:59.436,20.31736,Practice Left,0.3056209,-0.05348545,-0.03955726,0,257.883,0,0,0,0,0,0,0,0,0
18:41:59.448,20.32855,Practice Left,0.3056209,-0.05348545,-0.03955726,0,257.883,0,0,0,0,0,0,0,0,0
18:41:59.460,20.34032,Practice Left,0.3056209,-0.05348545,-0.03955726,0,257.883,0,0,0,0,0,0,0,0,0
18:41:59.470,20.35087,Practice Left,0.3056209,-0.05348545,-0.03955726,0,257.883,0,0,0,0,0,0,0,0,0
18:41:59.481,20.36212,Practice Left,0.3056209,-0.05348545,-0.03955726,0,257.883,0,0,0,0,0,0,0,0,0
18:41:59.492,20.37303,Practice Left,0.3056209,-0.05348545,-0.03955726,0,257.883,0,0,0,0,0,0,0,0,0
18:41:59.503,20.38432,Practice Left,0.3056209,-0.05348545,-0.03955726,0,257.883,0,0,0,0,0,0,0,0,0
18:41:59.514,20.39537,Practice Left,0.3056209,-0.05348545,-0.03955726,0,257.883,0,0,0,0,0,0,0,0,0
18:41:59.526,20.40621,Practice Left,0.3056209,-0.05348545,-0.03955726,0,257.883,0,0,0,0,0,0,0,0,0
18:41:59.537,20.41758,Practice Left,0.3056209,-0.05348545,-0.03955726,0,257.883,0,0,0,0,0,0,0,0,0
18:41:59.548,20.42878,Practice Left,0.3056209,-0.05348545,-0.03955726,0,257.883,0,0,0,0,0,0,0,0,0
18:41:59.559,20.44018,Practice Left,0.3056209,-0.05348545,-0.03955726,0,257.883,0,0,0,0,0,0,0,0,0
18:41:59.569,20.45066,Practice Left,0.3056209,-0.05348545,-0.03955726,0,257.883,0,0,0,0,0,0,0,0,0
18:41:59.581,20.4619,Practice Left,0.3056209,-0.05348545,-0.03955726,0,257.883,0,0,0,0,0,0,0,0,0
18:41:59.592,20.47297,Practice Left,0.3056209,-0.05348545,-0.03955726,0,257.883,0,0,0,0,0,0,0,0,0
18:41:59.604,20.48396,Practice Left,0.3056209,-0.05348545,-0.03955726,0,257.883,0,0,0,0,0,0,0,0,0
18:41:59.614,20.49531,Practice Left,0.3056209,-0.05348545,-0.03955726,0,257.883,0,0,0,0,0,0,0,0,0
18:41:59.626,20.50638,Practice Left,0.3056209,-0.05348545,-0.03955726,0,257.883,0,0,0,0,0,0,0,0,0
18:41:59.636,20.51759,Practice Left,0.3056209,-0.05348545,-0.03955726,0,257.883,0,0,0,0,0,0,0,0,0
18:41:59.648,20.52851,Practice Left,0.3056209,-0.05348545,-0.03955726,0,257.883,0,0,0,0,0,0,0,0,0
18:41:59.658,20.53957,Practice Left,0.3056209,-0.05348545,-0.03955726,0,257.883,0,0,0,0,0,0,0,0,0
18:41:59.670,20.55085,Practice Left,0.3056209,-0.05348545,-0.03955726,0,257.883,0,0,0,0,0,0,0,0,0
18:41:59.681,20.5618,Practice Left,0.3056209,-0.05348545,-0.03955726,0,257.883,0,0,0,0,0,0,0,0,0
18:41:59.692,20.5729,Practice Left,0.3056209,-0.05348545,-0.03955726,0,257.883,0,0,0,0,0,0,0,0,0
18:41:59.704,20.5841,Practice Left,0.3056209,-0.05348545,-0.03955726,0,257.883,0,0,0,0,0,0,0,0,0
18:41:59.714,20.59552,Practice Left,0.3056209,-0.05348545,-0.03955726,0,257.883,0,0,0,0,0,0,0,0,0
18:41:59.725,20.6065,Practice Left,0.3056209,-0.05348545,-0.03955726,0,257.883,0,0,0,0,0,0,0,0,0
18:41:59.736,20.61734,Practice Left,0.3056209,-0.05348545,-0.03955726,0,257.883,0,0,0,0,0,0,0,0,0
18:41:59.748,20.62848,Practice Left,0.3056209,-0.05348545,-0.03955726,0,257.883,0,0,0,0,0,0,0,0,0
18:41:59.759,20.63954,Practice Left,0.3056209,-0.05348545,-0.03955726,0,257.883,0,0,0,0,0,0,0,0,0
18:41:59.770,20.65064,Practice Left,0.3056209,-0.05348545,-0.03955726,0,257.883,0,0,0,0,0,0,0,0,0
18:41:59.782,20.66232,Practice Left,0.3056209,-0.05348545,-0.03955726,0,257.883,0,0,0,0,0,0,0,0,0
18:41:59.792,20.67296,Practice Left,0.3056209,-0.05348545,-0.03955726,0,257.883,0,0,0,0,0,0,0,0,0
18:41:59.803,20.68411,Practice Left,0.3056209,-0.05348545,-0.03955726,0,257.883,0,0,0,0,0,0,0,0,0
18:41:59.814,20.69557,Practice Left,0.3056209,-0.05348545,-0.03955726,0,257.883,0,0,0,0,0,0,0,0,0
18:41:59.826,20.70636,Practice Left,0.3056209,-0.05348545,-0.03955726,0,257.883,0,0,0,0,0,0,0,0,0
18:41:59.836,20.71729,Practice Left,0.3056209,-0.05348545,-0.03955726,0,257.883,0,0,0,0,0,0,0,0,0
18:41:59.848,20.72851,Practice Left,0.3056209,-0.05348545,-0.03955726,0,257.883,0,0,0,0,0,0,0,0,0
18:41:59.858,20.73961,Practice Left,0.3056209,-0.05348545,-0.03955726,0,257.883,0,0,0,0,0,0,0,0,0
18:41:59.870,20.7508,Practice Left,0.3056209,-0.05348545,-0.03955726,0,257.883,0,0,0,0,0,0,0,0,0
18:41:59.881,20.76186,Practice Left,0.3056209,-0.05348545,-0.03955726,0,257.883,0,0,0,0,0,0,0,0,0
18:41:59.892,20.77323,Practice Left,0.3056209,-0.05348545,-0.03955726,0,257.883,0,0,0,0,0,0,0,0,0
18:41:59.904,20.7841,Practice Left,0.3056209,-0.05348545,-0.03955726,0,257.883,0,0,0,0,0,0,0,0,0
18:41:59.914,20.79562,Practice Left,0.3056209,-0.05348545,-0.03955726,0,257.883,0,0,0,0,0,0,0,0,0
18:41:59.926,20.80625,Practice Left,0.3056209,-0.05348545,-0.03955726,0,257.883,0,0,0,0,0,0,0,0,0
18:41:59.936,20.81738,Practice Left,0.3056209,-0.05348545,-0.03955726,0,257.883,0,0,0,0,0,0,0,0,0
18:41:59.948,20.82847,Practice Left,0.3056209,-0.05348545,-0.03955726,0,257.883,0,0,0,0,0,0,0,0,0
18:41:59.959,20.83958,Practice Left,0.3056209,-0.05348545,-0.03955726,0,257.883,0,0,0,0,0,0,0,0,0
18:41:59.970,20.85086,Practice Left,0.3056209,-0.05348545,-0.03955726,0,257.883,0,0,0,0,0,0,0,0,0
18:41:59.981,20.86199,Practice Left,0.3056209,-0.05348545,-0.03955726,0,257.883,0,0,0,0,0,0,0,0,0
18:41:59.992,20.8728,Practice Left,0.3056209,-0.05348545,-0.03955726,0,257.883,0,0,0,0,0,0,0,0,0
18:42:00.003,20.88414,Practice Left,0.3056209,-0.05348545,-0.03955726,0,257.883,0,0,0,0,0,0,0,0,0
18:42:00.014,20.8958,Practice Left,0.3056209,-0.05348545,-0.03955726,0,257.883,0,0,0,0,0,0,0,0,0
18:42:00.026,20.90669,Practice Left,0.3056209,-0.05348545,-0.03955726,0,257.883,0,0,0,0,0,0,0,0,0
18:42:00.037,20.91742,Practice Left,0.3056209,-0.05348545,-0.03955726,0,257.883,0,0,0,0,0,0,0,0,0
18:42:00.048,20.92867,Practice Left,0.3056209,-0.05348545,-0.03955726,0,257.883,0,0,0,0,0,0,0,0,0
18:42:00.059,20.93977,Practice Left,0.3056209,-0.05348545,-0.03955726,0,257.883,0,0,0,0,0,0,0,0,0
18:42:00.070,20.95083,Practice Left,0.3056209,-0.05348545,-0.03955726,0,257.883,0,0,0,0,0,0,0,0,0
18:42:00.081,20.96179,Practice Left,0.3056209,-0.05348545,-0.03955726,0,257.883,0,0,0,0,0,0,0,0,0
18:42:00.093,20.97356,Practice Left,0.3056209,-0.05348545,-0.03955726,0,257.883,0,0,0,0,0,0,0,0,0
18:42:00.104,20.9842,Practice Left,0.3056209,-0.05348545,-0.03955726,0,257.883,0,0,0,0,0,0,0,0,0
18:42:00.114,20.99565,Practice Left,0.3056209,-0.05348545,-0.03955726,0,257.883,0,0,0,0,0,0,0,0,0
18:42:00.126,21.00647,Practice Left,0.3056209,-0.05348545,-0.03955726,0,257.883,0,0,0,0,0,0,0,0,0
18:42:00.136,21.01745,Practice Left,0.3056209,-0.05348545,-0.03955726,0,257.883,0,0,0,0,0,0,0,0,0
18:42:00.148,21.02847,Practice Left,0.3056209,-0.05348545,-0.03955726,0,257.883,0,0,0,0,0,0,0,0,0
18:42:00.159,21.0401,Practice Left,0.3056209,-0.05348545,-0.03955726,0,257.883,0,0,0,0,0,0,0,0,0
18:42:00.169,21.05063,Practice Left,0.3056209,-0.05348545,-0.03955726,0,257.883,0,0,0,0,0,0,0,0,0
18:42:00.181,21.06215,Practice Left,0.3056209,-0.05348545,-0.03955726,0,257.883,0,0,0,0,0,0,0,0,0
18:42:00.192,21.07298,Practice Left,0.3056209,-0.05348545,-0.03955726,0,257.883,0,0,0,0,0,0,0,0,0
18:42:00.204,21.08417,Practice Left,0.3056209,-0.05348545,-0.03955726,0,257.883,0,0,0,0,0,0,0,0,0
18:42:00.214,21.09525,Practice Left,0.3056209,-0.05348545,-0.03955726,0,257.883,0,0,0,0,0,0,0,0,0
18:42:00.226,21.10637,Practice Left,0.3056209,-0.05348545,-0.03955726,0,257.883,0,0,0,0,0,0,0,0,0
18:42:00.237,21.11739,Practice Left,0.3056209,-0.05348545,-0.03955726,0,257.883,0,0,0,0,0,0,0,0,0
18:42:00.248,21.1286,Practice Left,0.3056209,-0.05348545,-0.03955726,0,257.883,0,0,0,0,0,0,0,0,0
18:42:00.259,21.13983,Practice Left,0.3056209,-0.05348545,-0.03955726,0,257.883,0,0,0,0,0,0,0,0,0
18:42:00.270,21.15072,Practice Left,0.3056209,-0.05348545,-0.03955726,0,257.883,0,0,0,0,0,0,0,0,0
18:42:00.282,21.16194,Practice Left,0.3056209,-0.05348545,-0.03955726,0,257.883,0,0,0,0,0,0,0,0,0
18:42:00.293,21.17329,Practice Left,0.3056209,-0.05348545,-0.03955726,0,257.883,0,0,0,0,0,0,0,0,0
18:42:00.304,21.1841,Practice Left,0.3056209,-0.05348545,-0.03955726,0,257.883,0,0,0,0,0,0,0,0,0
18:42:00.314,21.19536,Practice Left,0.3056209,-0.05348545,-0.03955726,0,257.883,0,0,0,0,0,0,0,0,0
18:42:00.326,21.20637,Practice Left,0.3056209,-0.05348545,-0.03955726,0,257.883,0,0,0,0,0,0,0,0,0
18:42:00.336,21.21745,Practice Left,0.3056209,-0.05348545,-0.03955726,0,257.883,0,0,0,0,0,0,0,0,0
18:42:00.348,21.22852,Practice Left,0.3056209,-0.05348545,-0.03955726,0,257.883,0,0,0,0,0,0,0,0,0
18:42:00.359,21.23963,Practice Left,0.3056209,-0.05348545,-0.03955726,0,257.883,0,0,0,0,0,0,0,0,0
18:42:00.370,21.25073,Practice Left,0.3056209,-0.05348545,-0.03955726,0,257.883,0,0,0,0,0,0,0,0,0
18:42:00.381,21.26183,Practice Left,0.3056209,-0.05348545,-0.03955726,0,257.883,0,0,0,0,0,0,0,0,0
18:42:00.392,21.27297,Practice Left,0.3056209,-0.05348545,-0.03955726,0,257.883,0,0,0,0,0,0,0,0,0
18:42:00.404,21.28431,Practice Left,0.3056209,-0.05348545,-0.03955726,0,257.883,0,0,0,0,0,0,0,0,0
18:42:00.415,21.29556,Practice Left,0.3056209,-0.05348545,-0.03955726,0,257.883,0,0,0,0,0,0,0,0,0
18:42:00.426,21.30634,Practice Left,0.3056209,-0.05348545,-0.03955726,0,257.883,0,0,0,0,0,0,0,0,0
18:42:00.436,21.31736,Practice Left,0.3056209,-0.05348545,-0.03955726,0,257.883,0,0,0,0,0,0,0,0,0
18:42:00.448,21.32873,Practice Left,0.3056209,-0.05348545,-0.03955726,0,257.883,0,0,0,0,0,0,0,0,0
18:42:00.458,21.33957,Practice Left,0.3056209,-0.05348545,-0.03955726,0,257.883,0,0,0,0,0,0,0,0,0
18:42:00.470,21.35069,Practice Left,0.3056209,-0.05348545,-0.03955726,0,257.883,0,0,0,0,0,0,0,0,0
18:42:00.482,21.36218,Practice Left,0.3056209,-0.05348545,-0.03955726,0,257.883,0,0,0,0,0,0,0,0,0
18:42:00.492,21.37354,Practice Left,0.3056209,-0.05348545,-0.03955726,0,257.883,0,0,0,0,0,0,0,0,0
18:42:00.503,21.38399,Practice Left,0.3056209,-0.05348545,-0.03955726,0,257.883,0,0,0,0,0,0,0,0,0
18:42:00.515,21.39579,Practice Left,0.3056209,-0.05348545,-0.03955726,0,257.883,0,0,0,0,0,0,0,0,0
18:42:00.526,21.40633,Practice Left,0.3056209,-0.05348545,-0.03955726,0,257.883,0,0,0,0,0,0,0,0,0
18:42:00.536,21.41743,Practice Left,0.3056209,-0.05348545,-0.03955726,0,257.883,0,0,0,0,0,0,0,0,0
18:42:00.547,21.42867,Practice Left,0.3056209,-0.05348545,-0.03955726,0,257.883,0,0,0,0,0,0,0,0,0
18:42:00.559,21.43993,Practice Left,0.3056209,-0.05348545,-0.03955726,0,257.883,0,0,0,0,0,0,0,0,0
18:42:00.570,21.45074,Practice Left,0.3056209,-0.05348545,-0.03955726,0,257.883,0,0,0,0,0,0,0,0,0
18:42:00.581,21.46189,Practice Left,0.3056209,-0.05348545,-0.03955726,0,257.883,0,0,0,0,0,0,0,0,0
18:42:00.592,21.47307,Practice Left,0.3056209,-0.05348545,-0.03955726,0,257.883,0,0,0,0,0,0,0,0,0
18:42:00.603,21.48419,Practice Left,0.3056209,-0.05348545,-0.03955726,0,257.883,0,0,0,0,0,0,0,0,0
18:42:00.614,21.49533,Practice Left,0.3056209,-0.05348545,-0.03955726,0,257.883,0,0,0,0,0,0,0,0,0
18:42:00.626,21.50638,Practice Left,0.3056209,-0.05348545,-0.03955726,0,257.883,0,0,0,0,0,0,0,0,0
18:42:00.637,21.51744,Practice Left,0.3056209,-0.05348545,-0.03955726,0,257.883,0,0,0,0,0,0,0,0,0
18:42:00.648,21.52847,Practice Left,0.3056209,-0.05348545,-0.03955726,0,257.883,0,0,0,0,0,0,0,0,0
18:42:00.658,21.5395,Practice Left,0.3056209,-0.05348545,-0.03955726,0,257.883,0,0,0,0,0,0,0,0,0
18:42:00.670,21.55088,Practice Left,0.3056209,-0.05348545,-0.03955726,0,257.883,0,0,0,0,0,0,0,0,0
18:42:00.681,21.56199,Practice Left,0.3056209,-0.05348545,-0.03955726,0,257.883,0,0,0,0,0,0,0,0,0
18:42:00.692,21.57343,Practice Left,0.3056209,-0.05348545,-0.03955726,0,257.883,0,0,0,0,0,0,0,0,0
18:42:00.703,21.58416,Practice Left,0.3056209,-0.05348545,-0.03955726,0,257.883,0,0,0,0,0,0,0,0,0
18:42:00.715,21.59542,Practice Left,0.3056209,-0.05348545,-0.03955726,0,257.883,0,0,0,0,0,0,0,0,0
18:42:00.726,21.60625,Practice Left,0.3056209,-0.05348545,-0.03955726,0,257.883,0,0,0,0,0,0,0,0,0
18:42:00.737,21.61786,Practice Left,0.3056209,-0.05348545,-0.03955726,0,257.883,0,0,0,0,0,0,0,0,0
18:42:00.748,21.6285,Practice Left,0.3056209,-0.05348545,-0.03955726,0,257.883,0,0,0,0,0,0,0,0,0
18:42:00.759,21.63981,Practice Left,0.3056209,-0.05348545,-0.03955726,0,257.883,0,0,0,0,0,0,0,0,0
18:42:00.770,21.65071,Practice Left,0.3056209,-0.05348545,-0.03955726,0,257.883,0,0,0,0,0,0,0,0,0
18:42:00.781,21.66195,Practice Left,0.3056209,-0.05348545,-0.03955726,0,257.883,0,0,0,0,0,0,0,0,0
18:42:00.791,21.67319,Practice Left,0.3056209,-0.05348545,-0.03955726,0,257.883,0,0,0,0,0,0,0,0,0
18:42:00.804,21.68406,Practice Left,0.3056209,-0.05348545,-0.03955726,0,257.883,0,0,0,0,0,0,0,0,0
18:42:00.815,21.69532,Practice Left,0.3056209,-0.05348545,-0.03955726,0,257.883,0,0,0,0,0,0,0,0,0
18:42:00.826,21.70626,Practice Left,0.3056209,-0.05348545,-0.03955726,0,257.883,0,0,0,0,0,0,0,0,0
18:42:00.836,21.71739,Practice Left,0.3056209,-0.05348545,-0.03955726,0,257.883,0,0,0,0,0,0,0,0,0
18:42:00.848,21.72851,Practice Left,0.3056209,-0.05348545,-0.03955726,0,257.883,0,0,0,0,0,0,0,0,0
18:42:00.859,21.73958,Practice Left,0.3056209,-0.05348545,-0.03955726,0,257.883,0,0,0,0,0,0,0,0,0
18:42:00.870,21.75083,Practice Left,0.3056209,-0.05348545,-0.03955726,0,257.883,0,0,0,0,0,0,0,0,0
18:42:00.882,21.7622,Practice Left,0.3056209,-0.05348545,-0.03955726,0,257.883,0,0,0,0,0,0,0,0,0
18:42:00.892,21.77307,Practice Left,0.3056209,-0.05348545,-0.03955726,0,257.883,0,0,0,0,0,0,0,0,0
18:42:00.904,21.78429,Practice Left,0.3056209,-0.05348545,-0.03955726,0,257.883,0,0,0,0,0,0,0,0,0
18:42:00.915,21.79573,Practice Left,0.3056209,-0.05348545,-0.03955726,0,257.883,0,0,0,0,0,0,0,0,0
18:42:00.926,21.80627,Practice Left,0.3056209,-0.05348545,-0.03955726,0,257.883,0,0,0,0,0,0,0,0,0
18:42:00.936,21.81748,Practice Left,0.3056209,-0.05348545,-0.03955726,0,257.883,0,0,0,0,0,0,0,0,0
18:42:00.948,21.82853,Practice Left,0.3056209,-0.05348545,-0.03955726,0,257.883,0,0,0,0,0,0,0,0,0
18:42:00.959,21.83992,Practice Left,0.3056209,-0.05348545,-0.03955726,0,257.883,0,0,0,0,0,0,0,0,0
18:42:00.970,21.85074,Practice Left,0.3056209,-0.05348545,-0.03955726,0,257.883,0,0,0,0,0,0,0,0,0
18:42:00.981,21.86227,Practice Left,0.3056209,-0.05348545,-0.03955726,0,257.883,0,0,0,0,0,0,0,0,0
18:42:00.992,21.87326,Practice Left,0.3056209,-0.05348545,-0.03955726,0,257.883,0,0,0,0,0,0,0,0,0
18:42:01.004,21.88426,Practice Left,0.3056209,-0.05348545,-0.03955726,0,257.883,0,0,0,0,0,0,0,0,0
18:42:01.015,21.89562,Practice Left,0.3056209,-0.05348545,-0.03955726,0,257.883,0,0,0,0,0,0,0,0,0
18:42:01.025,21.90668,Practice Left,0.3056209,-0.05348545,-0.03955726,0,257.883,0,0,0,0,0,0,0,0,0
18:42:01.036,21.91749,Practice Left,0.3056209,-0.05348545,-0.03955726,0,257.883,0,0,0,0,0,0,0,0,0
18:42:01.048,21.92848,Practice Left,0.3056209,-0.05348545,-0.03955726,0,257.883,0,0,0,0,0,0,0,0,0
18:42:01.059,21.93985,Practice Left,0.3056209,-0.05348545,-0.03955726,0,257.883,0,0,0,0,0,0,0,0,0
18:42:01.070,21.95084,Practice Left,0.3056209,-0.05348545,-0.03955726,0,257.883,0,0,0,0,0,0,0,0,0
18:42:01.081,21.96184,Practice Left,0.3056209,-0.05348545,-0.03955726,0,257.883,0,0,0,0,0,0,0,0,0
18:42:01.092,21.97319,Practice Left,0.3056209,-0.05348545,-0.03955726,0,257.883,0,0,0,0,0,0,0,0,0
18:42:01.103,21.98415,Practice Left,0.3056209,-0.05348545,-0.03955726,0,257.883,0,0,0,0,0,0,0,0,0
18:42:01.115,21.99562,Practice Left,0.3056209,-0.05348545,-0.03955726,0,257.883,0,0,0,0,0,0,0,0,0
18:42:01.126,22.00634,Practice Left,0.3056209,-0.05348545,-0.03955726,0,257.883,0,0,0,0,0,0,0,0,0
18:42:01.137,22.01749,Practice Left,0.3056209,-0.05348545,-0.03955726,0,257.883,0,0,0,0,0,0,0,0,0
18:42:01.148,22.0285,Practice Left,0.3056209,-0.05348545,-0.03955726,0,257.883,0,0,0,0,0,0,0,0,0
18:42:01.159,22.03955,Practice Left,0.3056209,-0.05348545,-0.03955726,0,257.883,0,0,0,0,0,0,0,0,0
18:42:01.170,22.05086,Practice Left,0.3056209,-0.05348545,-0.03955726,0,257.883,0,0,0,0,0,0,0,0,0
18:42:01.181,22.06192,Practice Left,0.3056209,-0.05348545,-0.03955726,0,257.883,0,0,0,0,0,0,0,0,0
18:42:01.193,22.07378,Practice Left,0.3056209,-0.05348545,-0.03955726,0,257.883,0,0,0,0,0,0,0,0,0
18:42:01.204,22.08441,Practice Left,0.3056209,-0.05348545,-0.03955726,0,257.883,0,0,0,0,0,0,0,0,0
18:42:01.215,22.09618,Practice Left,0.3056209,-0.05348545,-0.03955726,0,257.883,0,0,0,0,0,0,0,0,0
18:42:01.226,22.10675,Practice Left,0.3056209,-0.05348545,-0.03955726,0,257.883,0,0,0,0,0,0,0,0,0
18:42:01.236,22.11753,Practice Left,0.3056209,-0.05348545,-0.03955726,0,257.883,0,0,0,0,0,0,0,0,0
18:42:01.248,22.12856,Practice Left,0.3056209,-0.05348545,-0.03955726,0,257.883,0,0,0,0,0,0,0,0,0
18:42:01.259,22.13973,Practice Left,0.3056209,-0.05348545,-0.03955726,0,257.883,0,0,0,0,0,0,0,0,0
18:42:01.270,22.15075,Practice Left,0.3056209,-0.05348545,-0.03955726,0,257.883,0,0,0,0,0,0,0,0,0
18:42:01.281,22.1619,Practice Left,0.3056209,-0.05348545,-0.03955726,0,257.883,0,0,0,0,0,0,0,0,0
18:42:01.292,22.17309,Practice Left,0.3056209,-0.05348545,-0.03955726,0,257.883,0,0,0,0,0,0,0,0,0
18:42:01.304,22.18424,Practice Left,0.3056209,-0.05348545,-0.03955726,0,257.883,0,0,0,0,0,0,0,0,0
18:42:01.314,22.19566,Practice Left,0.3056209,-0.05348545,-0.03955726,0,257.883,0,0,0,0,0,0,0,0,0
18:42:01.326,22.20636,Practice Left,0.3056209,-0.05348545,-0.03955726,0,257.883,0,0,0,0,0,0,0,0,0
18:42:01.336,22.21752,Practice Left,0.3056209,-0.05348545,-0.03955726,0,257.883,0,0,0,0,0,0,0,0,0
18:42:01.771,22.65128,Practice Right,0.3056209,-0.05348545,-0.03955726,0,257.883,0,0,0,0,0,0,0,0,0
18:42:01.782,22.66239,Practice Right,0.3056209,-0.05348545,-0.03955726,0,257.883,0,0,0,0,0,0,0,0,0
18:42:01.793,22.67336,Practice Right,0.3056209,-0.05348545,-0.03955726,0,257.883,0,0,0,0,0,0,0,0,0
18:42:01.804,22.68441,Practice Right,0.3056209,-0.05348545,-0.03955726,0,257.883,0,0,0,0,0,0,0,0,0
18:42:01.815,22.69572,Practice Right,0.3056209,-0.05348545,-0.03955726,0,257.883,0,0,0,0,0,0,0,0,0
18:42:01.826,22.70666,Practice Right,0.3056209,-0.05348545,-0.03955726,0,257.883,0,0,0,0,0,0,0,0,0
18:42:01.837,22.71825,Practice Right,0.3056209,-0.05348545,-0.03955726,0,257.883,0,0,0,0,0,0,0,0,0
18:42:01.848,22.72931,Practice Right,0.3056209,-0.05348545,-0.03955726,0,257.883,0,0,0,0,0,0,0,0,0
18:42:01.860,22.74044,Practice Right,0.3056209,-0.05348545,-0.03955726,0,257.883,0,0,0,0,0,0,0,0,0
18:42:01.871,22.75141,Practice Right,0.3056209,-0.05348545,-0.03955726,0,257.883,0,0,0,0,0,0,0,0,0
18:42:01.882,22.76253,Practice Right,0.3056209,-0.05348545,-0.03955726,0,257.883,0,0,0,0,0,0,0,0,0
18:42:01.893,22.77387,Practice Right,0.3056209,-0.05348545,-0.03955726,0,257.883,0,0,0,0,0,0,0,0,0
18:42:01.904,22.78481,Practice Right,0.3056209,-0.05348545,-0.03955726,0,257.883,0,0,0,0,0,0,0,0,0
18:42:01.915,22.79584,Practice Right,0.3056209,-0.05348545,-0.03955726,0,257.883,0,0,0,0,0,0,0,0,0
18:42:01.926,22.80711,Practice Right,0.3056209,-0.05348545,-0.03955726,0,257.883,0,0,0,0,0,0,0,0,0
18:42:01.937,22.81827,Practice Right,0.3056209,-0.05348545,-0.03955726,0,257.883,0,0,0,0,0,0,0,0,0
18:42:01.949,22.82917,Practice Right,0.3056209,-0.05348545,-0.03955726,0,257.883,0,0,0,0,0,0,0,0,0
18:42:01.959,22.84016,Practice Right,0.3056209,-0.05348545,-0.03955726,0,257.883,0,0,0,0,0,0,0,0,0
18:42:01.971,22.85137,Practice Right,0.3056209,-0.05348545,-0.03955726,0,257.883,0,0,0,0,0,0,0,0,0
18:42:01.982,22.86295,Practice Right,0.3056209,-0.05348545,-0.03955726,0,257.883,0,0,0,0,0,0,0,0,0
18:42:01.993,22.87367,Practice Right,0.3056209,-0.05348545,-0.03955726,0,257.883,0,0,0,0,0,0,0,0,0
18:42:02.004,22.88466,Practice Right,0.3056209,-0.05348545,-0.03955726,0,257.883,0,0,0,0,0,0,0,0,0
18:42:02.015,22.89579,Practice Right,0.3056209,-0.05348545,-0.03955726,0,257.883,0,0,0,0,0,0,0,0,0
18:42:02.026,22.90712,Practice Right,0.3056209,-0.05348545,-0.03955726,0,257.883,0,0,0,0,0,0,0,0,0
18:42:02.037,22.91802,Practice Right,0.3056209,-0.05348545,-0.03955726,0,257.883,0,0,0,0,0,0,0,0,0
18:42:02.049,22.929,Practice Right,0.3056209,-0.05348545,-0.03955726,0,257.883,0,0,0,0,0,0,0,0,0
18:42:02.059,22.94005,Practice Right,0.3056209,-0.05348545,-0.03955726,0,257.883,0,0,0,0,0,0,0,0,0
18:42:02.070,22.9513,Practice Right,0.3056209,-0.05348545,-0.03955726,0,257.883,0,0,0,0,0,0,0,0,0
18:42:02.082,22.9625,Practice Right,0.3056209,-0.05348545,-0.03955726,0,257.883,0,0,0,0,0,0,0,0,0
18:42:02.093,22.9738,Practice Right,0.3056209,-0.05348545,-0.03955726,0,257.883,0,0,0,0,0,0,0,0,0
18:42:02.104,22.98496,Practice Right,0.3056209,-0.05348545,-0.03955726,0,257.883,0,0,0,0,0,0,0,0,0
18:42:02.114,22.99568,Practice Right,0.3056209,-0.05348545,-0.03955726,0,257.883,0,0,0,0,0,0,0,0,0
18:42:02.126,23.00682,Practice Right,0.3056209,-0.05348545,-0.03955726,0,257.883,0,0,0,0,0,0,0,0,0
18:42:02.137,23.01793,Practice Right,0.3056209,-0.05348545,-0.03955726,0,257.883,0,0,0,0,0,0,0,0,0
18:42:02.149,23.02929,Practice Right,0.3056209,-0.05348545,-0.03955726,0,257.883,0,0,0,0,0,0,0,0,0
18:42:02.159,23.04017,Practice Right,0.3056209,-0.05348545,-0.03955726,0,257.883,0,0,0,0,0,0,0,0,0
18:42:02.170,23.05117,Practice Right,0.3056209,-0.05348545,-0.03955726,0,257.883,0,0,0,0,0,0,0,0,0
18:42:02.182,23.06261,Practice Right,0.3056209,-0.05348545,-0.03955726,0,257.883,0,0,0,0,0,0,0,0,0
18:42:02.193,23.07351,Practice Right,0.3056209,-0.05348545,-0.03955726,0,257.883,0,0,0,0,0,0,0,0,0
18:42:02.204,23.08462,Practice Right,0.3056209,-0.05348545,-0.03955726,0,257.883,0,0,0,0,0,0,0,0,0
18:42:02.215,23.09591,Practice Right,0.3056209,-0.05348545,-0.03955726,0,257.883,0,0,0,0,0,0,0,0,0
18:42:02.226,23.10701,Practice Right,0.3056209,-0.05348545,-0.03955726,0,257.883,0,0,0,0,0,0,0,0,0
18:42:02.237,23.11803,Practice Right,0.3056209,-0.05348545,-0.03955726,0,257.883,0,0,0,0,0,0,0,0,0
18:42:02.248,23.12917,Practice Right,0.3056209,-0.05348545,-0.03955726,0,257.883,0,0,0,0,0,0,0,0,0
18:42:02.259,23.14014,Practice Right,0.3056209,-0.05348545,-0.03955726,0,257.883,0,0,0,0,0,0,0,0,0
18:42:02.270,23.15134,Practice Right,0.3056209,-0.05348545,-0.03955726,0,257.883,0,0,0,0,0,0,0,0,0
18:42:02.282,23.16236,Practice Right,0.3056209,-0.05348545,-0.03955726,0,257.883,0,0,0,0,0,0,0,0,0
18:42:02.293,23.17353,Practice Right,0.3056209,-0.05348545,-0.03955726,0,257.883,0,0,0,0,0,0,0,0,0
18:42:02.304,23.18472,Practice Right,0.3056209,-0.05348545,-0.03955726,0,257.883,0,0,0,0,0,0,0,0,0
18:42:02.315,23.19587,Practice Right,0.3056209,-0.05348545,-0.03955726,0,257.883,0,0,0,0,0,0,0,0,0
18:42:02.327,23.20717,Practice Right,0.3056209,-0.05348545,-0.03955726,0,257.883,0,0,0,0,0,0,0,0,0
18:42:02.337,23.21807,Practice Right,0.3056209,-0.05348545,-0.03955726,0,257.883,0,0,0,0,0,0,0,0,0
18:42:02.349,23.22935,Practice Right,0.3056209,-0.05348545,-0.03955726,0,257.883,0,0,0,0,0,0,0,0,0
18:42:02.359,23.2406,Practice Right,0.3056209,-0.05348545,-0.03955726,0,257.883,0,0,0,0,0,0,0,0,0
18:42:02.370,23.25127,Practice Right,0.3056209,-0.05348545,-0.03955726,0,257.883,0,0,0,0,0,0,0,0,0
18:42:02.382,23.26241,Practice Right,0.3056209,-0.05348545,-0.03955726,0,257.883,0,0,0,0,0,0,0,0,0
18:42:02.392,23.27355,Practice Right,0.3056209,-0.05348545,-0.03955726,0,257.883,0,0,0,0,0,0,0,0,0
18:42:02.404,23.28468,Practice Right,0.3056209,-0.05348545,-0.03955726,0,257.883,0,0,0,0,0,0,0,0,0
18:42:02.414,23.29578,Practice Right,0.3056209,-0.05348545,-0.03955726,0,257.883,0,0,0,0,0,0,0,0,0
18:42:02.427,23.30706,Practice Right,0.3056209,-0.05348545,-0.03955726,0,257.883,0,0,0,0,0,0,0,0,0
18:42:02.437,23.31805,Practice Right,0.3056209,-0.05348545,-0.03955726,0,257.883,0,0,0,0,0,0,0,0,0
18:42:02.449,23.329,Practice Right,0.3056209,-0.05348545,-0.03955726,0,257.883,0,0,0,0,0,0,0,0,0
18:42:02.459,23.3406,Practice Right,0.3056209,-0.05348545,-0.03955726,0,257.883,0,0,0,0,0,0,0,0,0
18:42:02.470,23.35141,Practice Right,0.3056209,-0.05348545,-0.03955726,0,257.883,0,0,0,0,0,0,0,0,0
18:42:02.482,23.36237,Practice Right,0.3056209,-0.05348545,-0.03955726,0,257.883,0,0,0,0,0,0,0,0,0
18:42:02.492,23.37355,Practice Right,0.3056209,-0.05348545,-0.03955726,0,257.883,0,0,0,0,0,0,0,0,0
18:42:02.504,23.38467,Practice Right,0.3056209,-0.05348545,-0.03955726,0,257.883,0,0,0,0,0,0,0,0,0
18:42:02.515,23.39584,Practice Right,0.3056209,-0.05348545,-0.03955726,0,257.883,0,0,0,0,0,0,0,0,0
18:42:02.527,23.40705,Practice Right,0.3056209,-0.05348545,-0.03955726,0,257.883,0,0,0,0,0,0,0,0,0
18:42:02.538,23.41868,Practice Right,0.3056209,-0.05348545,-0.03955726,0,257.883,0,0,0,0,0,0,0,0,0
18:42:02.549,23.42938,Practice Right,0.3056209,-0.05348545,-0.03955726,0,257.883,0,0,0,0,0,0,0,0,0
18:42:02.559,23.44011,Practice Right,0.3056209,-0.05348545,-0.03955726,0,257.883,0,0,0,0,0,0,0,0,0
18:42:02.570,23.45127,Practice Right,0.3056209,-0.05348545,-0.03955726,0,257.883,0,0,0,0,0,0,0,0,0
18:42:02.582,23.46242,Practice Right,0.3056209,-0.05348545,-0.03955726,0,257.883,0,0,0,0,0,0,0,0,0
18:42:02.593,23.47354,Practice Right,0.3056209,-0.05348545,-0.03955726,0,257.883,0,0,0,0,0,0,0,0,0
18:42:02.604,23.48465,Practice Right,0.3056209,-0.05348545,-0.03955726,0,257.883,0,0,0,0,0,0,0,0,0
18:42:02.615,23.49578,Practice Right,0.3056209,-0.05348545,-0.03955726,0,257.883,0,0,0,0,0,0,0,0,0
18:42:02.627,23.50692,Practice Right,0.3056209,-0.05348545,-0.03955726,0,257.883,0,0,0,0,0,0,0,0,0
18:42:02.637,23.51803,Practice Right,0.3056209,-0.05348545,-0.03955726,0,257.883,0,0,0,0,0,0,0,0,0
18:42:02.649,23.52933,Practice Right,0.3056209,-0.05348545,-0.03955726,0,257.883,0,0,0,0,0,0,0,0,0
18:42:02.660,23.54011,Practice Right,0.3056209,-0.05348545,-0.03955726,0,257.883,0,0,0,0,0,0,0,0,0
18:42:02.670,23.55121,Practice Right,0.3056209,-0.05348545,-0.03955726,0,257.883,0,0,0,0,0,0,0,0,0
18:42:02.682,23.56236,Practice Right,0.3056209,-0.05348545,-0.03955726,0,257.883,0,0,0,0,0,0,0,0,0
18:42:02.692,23.5736,Practice Right,0.3056209,-0.05348545,-0.03955726,0,257.883,0,0,0,0,0,0,0,0,0
18:42:02.704,23.58454,Practice Right,0.3056209,-0.05348545,-0.03955726,0,257.883,0,0,0,0,0,0,0,0,0
18:42:02.715,23.59579,Practice Right,0.3056209,-0.05348545,-0.03955726,0,257.883,0,0,0,0,0,0,0,0,0
18:42:02.727,23.60707,Practice Right,0.3056209,-0.05348545,-0.03955726,0,257.883,0,0,0,0,0,0,0,0,0
18:42:02.737,23.61802,Practice Right,0.3056209,-0.05348545,-0.03955726,0,257.883,0,0,0,0,0,0,0,0,0
18:42:02.748,23.62907,Practice Right,0.3056209,-0.05348545,-0.03955726,0,257.883,0,0,0,0,0,0,0,0,0
18:42:02.759,23.6402,Practice Right,0.3056209,-0.05348545,-0.03955726,0,257.883,0,0,0,0,0,0,0,0,0
18:42:02.770,23.65141,Practice Right,0.3056209,-0.05348545,-0.03955726,0,257.883,0,0,0,0,0,0,0,0,0
18:42:02.782,23.66279,Practice Right,0.3056209,-0.05348545,-0.03955726,0,257.883,0,0,0,0,0,0,0,0,0
18:42:02.792,23.67381,Practice Right,0.3056209,-0.05348545,-0.03955726,0,257.883,0,0,0,0,0,0,0,0,0
18:42:02.804,23.6848,Practice Right,0.3056209,-0.05348545,-0.03955726,0,257.883,0,0,0,0,0,0,0,0,0
18:42:02.815,23.69572,Practice Right,0.3056209,-0.05348545,-0.03955726,0,257.883,0,0,0,0,0,0,0,0,0
18:42:02.826,23.70689,Practice Right,0.3056209,-0.05348545,-0.03955726,0,257.883,0,0,0,0,0,0,0,0,0
18:42:02.837,23.71788,Practice Right,0.3056209,-0.05348545,-0.03955726,0,257.883,0,0,0,0,0,0,0,0,0
18:42:02.849,23.72927,Practice Right,0.3056209,-0.05348545,-0.03955726,0,257.883,0,0,0,0,0,0,0,0,0
18:42:02.859,23.7405,Practice Right,0.3056209,-0.05348545,-0.03955726,0,257.883,0,0,0,0,0,0,0,0,0
18:42:02.871,23.75129,Practice Right,0.3056209,-0.05348545,-0.03955726,0,257.883,0,0,0,0,0,0,0,0,0
18:42:02.882,23.76289,Practice Right,0.3056209,-0.05348545,-0.03955726,0,257.883,0,0,0,0,0,0,0,0,0
18:42:02.893,23.77369,Practice Right,0.3056209,-0.05348545,-0.03955726,0,257.883,0,0,0,0,0,0,0,0,0
18:42:02.904,23.78453,Practice Right,0.3056209,-0.05348545,-0.03955726,0,257.883,0,0,0,0,0,0,0,0,0
18:42:02.915,23.79576,Practice Right,0.3056209,-0.05348545,-0.03955726,0,257.883,0,0,0,0,0,0,0,0,0
18:42:03.306,24.18579,Pattern B Left,0.3056209,-0.05348545,-0.03955726,0,257.883,0,0,0,0,0,0,0,0,0
18:42:03.316,24.1971,Pattern B Left,0.3056209,-0.05348545,-0.03955726,0,257.883,0,0,0,0,0,0,0,0,0
18:42:03.328,24.20829,Pattern B Left,0.3056209,-0.05348545,-0.03955726,0,257.883,0,0,0,0,0,0,0,0,0
18:42:03.338,24.21925,Pattern B Left,0.3056209,-0.05348545,-0.03955726,0,257.883,0,0,0,0,0,0,0,0,0
18:42:03.350,24.23058,Pattern B Left,0.3056209,-0.05348545,-0.03955726,0,257.883,0,0,0,0,0,0,0,0,0
18:42:03.360,24.24136,Pattern B Left,0.3056209,-0.05348545,-0.03955726,0,257.883,0,0,0,0,0,0,0,0,0
18:42:03.372,24.25236,Pattern B Left,0.3056209,-0.05348545,-0.03955726,0,257.883,0,0,0,0,0,0,0,0,0
18:42:03.383,24.26383,Pattern B Left,0.3056209,-0.05348545,-0.03955726,0,257.883,0,0,0,0,0,0,0,0,0
18:42:03.394,24.27495,Pattern B Left,0.3056209,-0.05348545,-0.03955726,0,257.883,0,0,0,0,0,0,0,0,0
18:42:03.405,24.28589,Pattern B Left,0.3056209,-0.05348545,-0.03955726,0,257.883,0,0,0,0,0,0,0,0,0
18:42:03.416,24.29714,Pattern B Left,0.3056209,-0.05348545,-0.03955726,0,257.883,0,0,0,0,0,0,0,0,0
18:42:03.427,24.30811,Pattern B Left,0.3056209,-0.05348545,-0.03955726,0,257.883,0,0,0,0,0,0,0,0,0
18:42:03.438,24.31933,Pattern B Left,0.3056209,-0.05348545,-0.03955726,0,257.883,0,0,0,0,0,0,0,0,0
18:42:03.449,24.33016,Pattern B Left,0.3056209,-0.05348545,-0.03955726,0,257.883,0,0,0,0,0,0,0,0,0
18:42:03.461,24.34125,Pattern B Left,0.3056209,-0.05348545,-0.03955726,0,257.883,0,0,0,0,0,0,0,0,0
18:42:03.472,24.35241,Pattern B Left,0.3056209,-0.05348545,-0.03955726,0,257.883,0,0,0,0,0,0,0,0,0
18:42:03.483,24.36378,Pattern B Left,0.3056209,-0.05348545,-0.03955726,0,257.883,0,0,0,0,0,0,0,0,0
18:42:03.494,24.37453,Pattern B Left,0.3056209,-0.05348545,-0.03955726,0,257.883,0,0,0,0,0,0,0,0,0
18:42:03.505,24.38585,Pattern B Left,0.3056209,-0.05348545,-0.03955726,0,257.883,0,0,0,0,0,0,0,0,0
18:42:03.516,24.39691,Pattern B Left,0.3056209,-0.05348545,-0.03955726,0,257.883,0,0,0,0,0,0,0,0,0
18:42:03.527,24.40804,Pattern B Left,0.3056209,-0.05348545,-0.03955726,0,257.883,0,0,0,0,0,0,0,0,0
18:42:03.538,24.41913,Pattern B Left,0.3056209,-0.05348545,-0.03955726,0,257.883,0,0,0,0,0,0,0,0,0
18:42:03.751,24.63132,Pattern A Right,0.3056209,-0.05348545,-0.03955726,0,257.883,0,0,0,0,0,0,0,0,0
18:42:03.761,24.64191,Pattern A Right,0.3056209,-0.05348545,-0.03955726,0,257.883,0,0,0,0,0,0,0,0,0
18:42:03.772,24.65298,Pattern A Right,0.3056209,-0.05348545,-0.03955726,0,257.883,0,0,0,0,0,0,0,0,0
18:42:03.783,24.6641,Pattern A Right,0.3056209,-0.05348545,-0.03955726,0,257.883,0,0,0,0,0,0,0,0,0
18:42:03.795,24.67569,Pattern A Right,0.3056209,-0.05348545,-0.03955726,0,257.883,0,0,0,0,0,0,0,0,0
18:42:03.806,24.68638,Pattern A Right,0.3056209,-0.05348545,-0.03955726,0,257.883,0,0,0,0,0,0,0,0,0
18:42:03.816,24.69761,Pattern A Right,0.3056209,-0.05348545,-0.03955726,0,257.883,0,0,0,0,0,0,0,0,0
18:42:03.828,24.70858,Pattern A Right,0.3056209,-0.05348545,-0.03955726,0,257.883,0,0,0,0,0,0,0,0,0
18:42:03.839,24.72012,Pattern A Right,0.3056209,-0.05348545,-0.03955726,0,257.883,0,0,0,0,0,0,0,0,0
18:42:03.849,24.7309,Pattern A Right,0.3056209,-0.05348545,-0.03955726,0,257.883,0,0,0,0,0,0,0,0,0
18:42:03.861,24.74216,Pattern A Right,0.3056209,-0.05348545,-0.03955726,0,257.883,0,0,0,0,0,0,0,0,0
18:42:03.872,24.75331,Pattern A Right,0.3056209,-0.05348545,-0.03955726,0,257.883,0,0,0,0,0,0,0,0,0
18:42:03.883,24.76418,Pattern A Right,0.3056209,-0.05348545,-0.03955726,0,257.883,0,0,0,0,0,0,0,0,0
18:42:03.894,24.77512,Pattern A Right,0.3056209,-0.05348545,-0.03955726,0,257.883,0,0,0,0,0,0,0,0,0
18:42:03.906,24.78661,Pattern A Right,0.3056209,-0.05348545,-0.03955726,0,257.883,0,0,0,0,0,0,0,0,0
18:42:03.916,24.79737,Pattern A Right,0.3056209,-0.05348545,-0.03955726,0,257.883,0,0,0,0,0,0,0,0,0
18:42:03.928,24.80862,Pattern A Right,0.3056209,-0.05348545,-0.03955726,0,257.883,0,0,0,0,0,0,0,0,0
18:42:03.939,24.81975,Pattern A Right,0.3056209,-0.05348545,-0.03955726,0,257.883,0,0,0,0,0,0,0,0,0
18:42:04.173,25.05353,Pattern C Left,0.3056209,-0.05348545,-0.03955726,0,257.883,0,0,0,0,0,0,0,0,0
18:42:04.184,25.06465,Pattern C Left,0.3056209,-0.05348545,-0.03955726,0,257.883,0,0,0,0,0,0,0,0,0
18:42:04.196,25.07671,Pattern C Left,0.3056209,-0.05348545,-0.03955726,0,257.883,0,0,0,0,0,0,0,0,0
18:42:04.207,25.08765,Pattern C Left,0.3056209,-0.05348545,-0.03955726,0,257.883,0,0,0,0,0,0,0,0,0
18:42:04.218,25.09881,Pattern C Left,0.3056209,-0.05348545,-0.03955726,0,257.883,0,0,0,0,0,0,0,0,0
18:42:04.229,25.11002,Pattern C Left,0.3056209,-0.05348545,-0.03955726,0,257.883,0,0,0,0,0,0,0,0,0
18:42:04.241,25.12139,Pattern C Left,0.3056209,-0.05348545,-0.03955726,0,257.883,0,0,0,0,0,0,0,0,0
18:42:04.252,25.13249,Pattern C Left,0.3056209,-0.05348545,-0.03955726,0,257.883,0,0,0,0,0,0,0,0,0
18:42:04.263,25.14375,Pattern C Left,0.3056209,-0.05348545,-0.03955726,0,257.883,0,0,0,0,0,0,0,0,0
18:42:04.273,25.15417,Pattern C Left,0.3056209,-0.05348545,-0.03955726,0,257.883,0,0,0,0,0,0,0,0,0
18:42:04.285,25.16574,Pattern C Left,0.3056209,-0.05348545,-0.03955726,0,257.883,0,0,0,0,0,0,0,0,0
18:42:04.295,25.17673,Pattern C Left,0.3056209,-0.05348545,-0.03955726,0,257.883,0,0,0,0,0,0,0,0,0
18:42:04.307,25.18765,Pattern C Left,0.3056209,-0.05348545,-0.03955726,0,257.883,0,0,0,0,0,0,0,0,0
18:42:04.318,25.19877,Pattern C Left,0.3056209,-0.05348545,-0.03955726,0,257.883,0,0,0,0,0,0,0,0,0
18:42:04.329,25.20974,Pattern C Left,0.3056209,-0.05348545,-0.03955726,0,257.883,0,0,0,0,0,0,0,0,0
18:42:04.341,25.22107,Pattern C Left,0.3056209,-0.05348545,-0.03955726,0,257.883,0,0,0,0,0,0,0,0,0
18:42:04.574,25.45447,Pattern E Right,0.3056209,-0.05348545,-0.03955726,0,257.883,0,0,0,0,0,0,0,0,0
18:42:04.585,25.46575,Pattern E Right,0.3056209,-0.05348545,-0.03955726,0,257.883,0,0,0,0,0,0,0,0,0
18:42:04.596,25.47657,Pattern E Right,0.3056209,-0.05348545,-0.03955726,0,257.883,0,0,0,0,0,0,0,0,0
18:42:04.607,25.48769,Pattern E Right,0.3056209,-0.05348545,-0.03955726,0,257.883,0,0,0,0,0,0,0,0,0
18:42:04.618,25.49883,Pattern E Right,0.3056209,-0.05348545,-0.03955726,0,257.883,0,0,0,0,0,0,0,0,0
18:42:04.629,25.50982,Pattern E Right,0.3056209,-0.05348545,-0.03955726,0,257.883,0,0,0,0,0,0,0,0,0
18:42:04.641,25.52093,Pattern E Right,0.3056209,-0.05348545,-0.03955726,0,257.883,0,0,0,0,0,0,0,0,0
18:42:04.651,25.53232,Pattern E Right,0.3056209,-0.05348545,-0.03955726,0,257.883,0,0,0,0,0,0,0,0,0
18:42:04.663,25.54323,Pattern E Right,0.3056209,-0.05348545,-0.03955726,0,257.883,0,0,0,0,0,0,0,0,0
18:42:04.674,25.55455,Pattern E Right,0.3056209,-0.05348545,-0.03955726,0,257.883,0,0,0,0,0,0,0,0,0
18:42:04.685,25.5653,Pattern E Right,0.3056209,-0.05348545,-0.03955726,0,257.883,0,0,0,0,0,0,0,0,0
18:42:04.696,25.57664,Pattern E Right,0.3056209,-0.05348545,-0.03955726,0,257.883,0,0,0,0,0,0,0,0,0
18:42:04.707,25.58753,Pattern E Right,0.3056209,-0.05348545,-0.03955726,0,257.883,0,0,0,0,0,0,0,0,0
18:42:04.717,25.59873,Pattern E Right,0.3056209,-0.05348545,-0.03955726,0,257.883,0,0,0,0,0,0,0,0,0
18:42:04.729,25.60975,Pattern E Right,0.3056209,-0.05348545,-0.03955726,0,257.883,0,0,0,0,0,0,0,0,0
18:42:04.740,25.62086,Pattern E Right,0.3056209,-0.05348545,-0.03955726,0,257.883,0,0,0,0,0,0,0,0,0
18:42:04.751,25.63201,Pattern E Right,0.3056209,-0.05348545,-0.03955726,0,257.883,0,0,0,0,0,0,0,0,0
18:42:04.763,25.64343,Pattern E Right,0.3056209,-0.05348545,-0.03955726,0,257.883,0,0,0,0,0,0,0,0,0
18:42:04.974,25.85442,Pattern A Left,0.3056209,-0.05348545,-0.03955726,0,257.883,0,0,0,0,0,0,0,0,0
18:42:04.985,25.86555,Pattern A Left,0.3056209,-0.05348545,-0.03955726,0,257.883,0,0,0,0,0,0,0,0,0
18:42:04.996,25.87661,Pattern A Left,0.3056209,-0.05348545,-0.03955726,0,257.883,0,0,0,0,0,0,0,0,0
18:42:05.007,25.8875,Pattern A Left,0.3056209,-0.05348545,-0.03955726,0,257.883,0,0,0,0,0,0,0,0,0
18:42:05.018,25.89863,Pattern A Left,0.3056209,-0.05348545,-0.03955726,0,257.883,0,0,0,0,0,0,0,0,0
18:42:05.029,25.90981,Pattern A Left,0.3056209,-0.05348545,-0.03955726,0,257.883,0,0,0,0,0,0,0,0,0
18:42:05.041,25.92122,Pattern A Left,0.3056209,-0.05348545,-0.03955726,0,257.883,0,0,0,0,0,0,0,0,0
18:42:05.051,25.9321,Pattern A Left,0.3056209,-0.05348545,-0.03955726,0,257.883,0,0,0,0,0,0,0,0,0
18:42:05.064,25.94408,Pattern A Left,0.3056209,-0.05348545,-0.03955726,0,257.883,0,0,0,0,0,0,0,0,0
18:42:05.074,25.95509,Pattern A Left,0.3056209,-0.05348545,-0.03955726,0,257.883,0,0,0,0,0,0,0,0,0
18:42:05.085,25.96558,Pattern A Left,0.3056209,-0.05348545,-0.03955726,0,257.883,0,0,0,0,0,0,0,0,0
18:42:05.096,25.97668,Pattern A Left,0.3056209,-0.05348545,-0.03955726,0,257.883,0,0,0,0,0,0,0,0,0
18:42:05.107,25.98802,Pattern A Left,0.3056209,-0.05348545,-0.03955726,0,257.883,0,0,0,0,0,0,0,0,0
18:42:05.118,25.99901,Pattern A Left,0.3056209,-0.05348545,-0.03955726,0,257.883,0,0,0,0,0,0,0,0,0
18:42:05.129,26.01002,Pattern A Left,0.3056209,-0.05348545,-0.03955726,0,257.883,0,0,0,0,0,0,0,0,0
18:42:05.140,26.02106,Pattern A Left,0.3056209,-0.05348545,-0.03955726,0,257.883,0,0,0,0,0,0,0,0,0
18:42:05.152,26.0327,Pattern A Left,0.3056209,-0.05348545,-0.03955726,0,257.883,0,0,0,0,0,0,0,0,0
18:42:05.162,26.0431,Pattern A Left,0.3056209,-0.05348545,-0.03955726,0,257.883,0,0,0,0,0,0,0,0,0
18:42:05.173,26.05418,Pattern A Left,0.3056209,-0.05348545,-0.03955726,0,257.883,0,0,0,0,0,0,0,0,0
18:42:05.363,26.24354,Pattern C Left,0.3056209,-0.05348545,-0.03955726,0,257.883,0,0,0,0,0,0,0,0,0
18:42:05.373,26.25432,Pattern C Left,0.3056209,-0.05348545,-0.03955726,0,257.883,0,0,0,0,0,0,0,0,0
18:42:05.385,26.26586,Pattern C Left,0.3056209,-0.05348545,-0.03955726,0,257.883,0,0,0,0,0,0,0,0,0
18:42:05.396,26.2769,Pattern C Left,0.3056209,-0.05348545,-0.03955726,0,257.883,0,0,0,0,0,0,0,0,0
18:42:05.407,26.28764,Pattern C Left,0.3056209,-0.05348545,-0.03955726,0,257.883,0,0,0,0,0,0,0,0,0
18:42:05.418,26.29889,Pattern C Left,0.3056209,-0.05348545,-0.03955726,0,257.883,0,0,0,0,0,0,0,0,0
18:42:05.429,26.31,Pattern C Left,0.3056209,-0.05348545,-0.03955726,0,257.883,0,0,0,0,0,0,0,0,0
18:42:05.441,26.32147,Pattern C Left,0.3056209,-0.05348545,-0.03955726,0,257.883,0,0,0,0,0,0,0,0,0
18:42:05.453,26.33423,Pattern C Left,0.3056209,-0.05348545,-0.03955726,0,257.883,0,0,0,0,0,0,0,0,0
18:42:05.465,26.34594,Pattern C Left,0.3056209,-0.05348545,-0.03955726,0,257.883,0,0,0,0,0,0,0,0,0
18:42:05.475,26.35633,Pattern C Left,0.3056209,-0.05348545,-0.03955726,0,257.883,0,0,0,0,0,0,0,0,0
18:42:05.487,26.3674,Pattern C Left,0.3056209,-0.05348545,-0.03955726,0,257.883,0,0,0,0,0,0,0,0,0
18:42:05.498,26.37876,Pattern C Left,0.3056209,-0.05348545,-0.03955726,0,257.883,0,0,0,0,0,0,0,0,0
18:42:05.509,26.38998,Pattern C Left,0.3056209,-0.05348545,-0.03955726,0,257.883,0,0,0,0,0,0,0,0,0
18:42:05.521,26.40111,Pattern C Left,0.3056209,-0.05348545,-0.03955726,0,257.883,0,0,0,0,0,0,0,0,0
18:42:05.687,26.56774,Pattern D Left,0.3056209,-0.05348545,-0.03955726,0,257.883,0,0,0,0,0,0,0,0,0
18:42:05.698,26.57873,Pattern D Left,0.3056209,-0.05348545,-0.03955726,0,257.883,0,0,0,0,0,0,0,0,0
18:42:05.709,26.5897,Pattern D Left,0.3056209,-0.05348545,-0.03955726,0,257.883,0,0,0,0,0,0,0,0,0
18:42:05.720,26.60092,Pattern D Left,0.3056209,-0.05348545,-0.03955726,0,257.883,0,0,0,0,0,0,0,0,0
18:42:05.731,26.61192,Pattern D Left,0.3056209,-0.05348545,-0.03955726,0,257.883,0,0,0,0,0,0,0,0,0
18:42:05.743,26.62363,Pattern D Left,0.3056209,-0.05348545,-0.03955726,0,257.883,0,0,0,0,0,0,0,0,0
18:42:05.754,26.63466,Pattern D Left,0.3056209,-0.05348545,-0.03955726,0,257.883,0,0,0,0,0,0,0,0,0
18:42:05.766,26.64633,Pattern D Left,0.3056209,-0.05348545,-0.03955726,0,257.883,0,0,0,0,0,0,0,0,0
18:42:05.776,26.65656,Pattern D Left,0.3056209,-0.05348545,-0.03955726,0,257.883,0,0,0,0,0,0,0,0,0
18:42:05.787,26.66778,Pattern D Left,0.3056209,-0.05348545,-0.03955726,0,257.883,0,0,0,0,0,0,0,0,0
18:42:05.798,26.67877,Pattern D Left,0.3056209,-0.05348545,-0.03955726,0,257.883,0,0,0,0,0,0,0,0,0
18:42:05.809,26.68976,Pattern D Left,0.3056209,-0.05348545,-0.03955726,0,257.883,0,0,0,0,0,0,0,0,0
18:42:05.821,26.70151,Pattern D Left,0.3056209,-0.05348545,-0.03955726,0,257.883,0,0,0,0,0,0,0,0,0
18:42:05.831,26.71221,Pattern D Left,0.3056209,-0.05348545,-0.03955726,0,257.883,0,0,0,0,0,0,0,0,0
18:42:05.979,26.85954,Pattern B Right,0.3056209,-0.05348545,-0.03955726,0,257.883,0,0,0,0,0,0,0,0,0
18:42:05.989,26.86999,Pattern B Right,0.3056209,-0.05348545,-0.03955726,0,257.883,0,0,0,0,0,0,0,0,0
18:42:06.000,26.88102,Pattern B Right,0.3056209,-0.05348545,-0.03955726,0,257.883,0,0,0,0,0,0,0,0,0
18:42:06.011,26.89207,Pattern B Right,0.3056209,-0.05348545,-0.03955726,0,257.883,0,0,0,0,0,0,0,0,0
18:42:06.023,26.90336,Pattern B Right,0.3056209,-0.05348545,-0.03955726,0,257.883,0,0,0,0,0,0,0,0,0
18:42:06.034,26.91467,Pattern B Right,0.3056209,-0.05348545,-0.03955726,0,257.883,0,0,0,0,0,0,0,0,0
18:42:06.045,26.9256,Pattern B Right,0.3056209,-0.05348545,-0.03955726,0,257.883,0,0,0,0,0,0,0,0,0
18:42:06.056,26.93729,Pattern B Right,0.3056209,-0.05348545,-0.03955726,0,257.883,0,0,0,0,0,0,0,0,0
18:42:06.069,26.94987,Pattern B Right,0.3056209,-0.05348545,-0.03955726,0,257.883,0,0,0,0,0,0,0,0,0
18:42:06.080,26.96088,Pattern B Right,0.3056209,-0.05348545,-0.03955726,0,257.883,0,0,0,0,0,0,0,0,0
18:42:06.091,26.97201,Pattern B Right,0.3056209,-0.05348545,-0.03955726,0,257.883,0,0,0,0,0,0,0,0,0
18:42:06.103,26.98315,Pattern B Right,0.3056209,-0.05348545,-0.03955726,0,257.883,0,0,0,0,0,0,0,0,0
18:42:06.113,26.99428,Pattern B Right,0.3056209,-0.05348545,-0.03955726,0,257.883,0,0,0,0,0,0,0,0,0
